seq,rtt_ms,status,timestamp
0,0.741,OK,1770639665.670472
1,0.770,OK,1770639665.690612
2,0.855,OK,1770639665.710875
3,0.696,OK,1770639665.730828
4,1.229,OK,1770639665.751456
5,0.845,OK,1770639665.771213
6,0.773,OK,1770639665.791277
7,0.634,OK,1770639665.811285
8,0.879,OK,1770639665.831684
9,1.007,OK,1770639665.851971
10,1.014,OK,1770639665.872103
11,1.005,OK,1770639665.892250
12,0.884,OK,1770639665.912301
13,0.791,OK,1770639665.932360
14,1.017,OK,1770639665.952744
15,0.905,OK,1770639665.972788
16,0.899,OK,1770639665.992944
17,1.014,OK,1770639666.013182
18,1.174,OK,1770639666.033471
19,1.019,OK,1770639666.053483
20,1.023,OK,1770639666.073649
21,1.014,OK,1770639666.093828
22,1.090,OK,1770639666.114063
23,1.013,OK,1770639666.134116
24,1.024,OK,1770639666.154252
25,1.402,OK,1770639666.174740
26,0.831,OK,1770639666.194293
27,0.717,OK,1770639666.214285
28,0.647,OK,1770639666.234323
29,0.645,OK,1770639666.254395
30,0.669,OK,1770639666.274519
31,1.303,OK,1770639666.295306
32,0.866,OK,1770639666.314943
33,1.195,OK,1770639666.335397
34,1.096,OK,1770639666.355452
35,1.154,OK,1770639666.375670
36,2.406,OK,1770639666.397094
37,1.849,OK,1770639666.416701
38,1.000,OK,1770639666.436027
39,2.125,OK,1770639666.457278
40,0.991,OK,1770639666.476269
41,1.303,OK,1770639666.496779
42,1.142,OK,1770639666.516731
43,0.767,OK,1770639666.536483
44,0.603,OK,1770639666.556440
45,0.762,OK,1770639666.576891
46,0.713,OK,1770639666.596952
47,0.789,OK,1770639666.617145
48,0.827,OK,1770639666.637335
49,0.912,OK,1770639666.657565
50,0.894,OK,1770639666.677654
51,2.275,OK,1770639666.699175
52,2.107,OK,1770639666.719161
53,0.708,OK,1770639666.737861
54,0.928,OK,1770639666.758184
55,0.898,OK,1770639666.778284
56,0.843,OK,1770639666.798319
57,0.757,OK,1770639666.818336
58,1.252,OK,1770639666.838938
59,0.584,OK,1770639666.858342
60,0.747,OK,1770639666.878596
61,0.999,OK,1770639666.899022
62,1.648,OK,1770639666.919782
63,1.119,OK,1770639666.939378
64,1.008,OK,1770639666.959433
65,1.004,OK,1770639666.979596
66,0.771,OK,1770639666.999524
67,0.903,OK,1770639667.019796
68,0.860,OK,1770639667.039909
69,2.012,OK,1770639667.061218
70,1.063,OK,1770639667.080433
71,1.123,OK,1770639667.100717
72,1.025,OK,1770639667.120773
73,2.329,OK,1770639667.142244
74,0.904,OK,1770639667.160946
75,0.957,OK,1770639667.181145
76,1.275,OK,1770639667.201643
77,0.972,OK,1770639667.221503
78,1.578,OK,1770639667.242278
79,1.610,OK,1770639667.262412
80,2.460,OK,1770639667.283453
81,0.871,OK,1770639667.302006
82,0.929,OK,1770639667.322203
83,0.996,OK,1770639667.342407
84,1.054,OK,1770639667.362634
85,2.990,OK,1770639667.384737
86,1.762,OK,1770639667.403684
87,0.881,OK,1770639667.423002
88,1.196,OK,1770639667.443404
89,0.647,OK,1770639667.462965
90,0.528,OK,1770639667.482945
91,0.589,OK,1770639667.503172
92,0.676,OK,1770639667.523464
93,0.969,OK,1770639667.543901
94,0.758,OK,1770639667.563833
95,0.903,OK,1770639667.584103
96,1.172,OK,1770639667.604503
97,1.142,OK,1770639667.624638
98,1.088,OK,1770639667.644755
99,1.080,OK,1770639667.664868
100,1.064,OK,1770639667.685008
101,1.371,OK,1770639667.705451
102,1.841,OK,1770639667.726050
103,1.001,OK,1770639667.745362
104,1.125,OK,1770639667.765627
105,0.994,OK,1770639667.785666
106,0.890,OK,1770639667.805707
107,0.916,OK,1770639667.825890
108,1.163,OK,1770639667.846264
109,1.094,OK,1770639667.866322
110,0.902,OK,1770639667.886366
111,0.884,OK,1770639667.906507
112,1.413,OK,1770639667.927211
113,1.060,OK,1770639667.947016
114,1.594,OK,1770639667.967686
115,1.987,OK,1770639667.988232
116,1.080,OK,1770639668.007507
117,1.189,OK,1770639668.027792
118,1.028,OK,1770639668.047752
119,0.726,OK,1770639668.067560
120,0.806,OK,1770639668.087738
121,0.639,OK,1770639668.107700
122,0.793,OK,1770639668.127955
123,1.885,OK,1770639668.149128
124,0.614,OK,1770639668.167963
125,2.103,OK,1770639668.189579
126,1.061,OK,1770639668.208734
127,1.115,OK,1770639668.228946
128,1.072,OK,1770639668.249086
129,1.039,OK,1770639668.269217
130,0.980,OK,1770639668.289299
131,1.239,OK,1770639668.309715
132,1.046,OK,1770639668.329696
133,1.096,OK,1770639668.349910
134,1.145,OK,1770639668.370138
135,0.934,OK,1770639668.390033
136,0.752,OK,1770639668.409968
137,0.704,OK,1770639668.430049
138,2.370,OK,1770639668.451900
139,0.756,OK,1770639668.470395
140,3.484,OK,1770639668.493241
141,0.731,OK,1770639668.510634
142,0.730,OK,1770639668.530798
143,1.035,OK,1770639668.551309
144,0.552,OK,1770639668.570966
145,0.679,OK,1770639668.591212
146,0.637,OK,1770639668.611290
147,0.480,OK,1770639668.631206
148,0.878,OK,1770639668.651749
149,0.737,OK,1770639668.671754
150,1.583,OK,1770639668.692652
151,0.996,OK,1770639668.712166
152,0.586,OK,1770639668.731870
153,0.803,OK,1770639668.752189
154,0.601,OK,1770639668.772187
155,2.405,OK,1770639668.794098
156,0.677,OK,1770639668.812552
157,0.943,OK,1770639668.832924
158,0.835,OK,1770639668.852975
159,0.773,OK,1770639668.873010
160,2.585,OK,1770639668.894920
161,0.866,OK,1770639668.913325
162,1.055,OK,1770639668.933567
163,1.146,OK,1770639668.953814
164,1.039,OK,1770639668.973874
165,2.242,OK,1770639668.995263
166,1.082,OK,1770639669.014213
167,1.422,OK,1770639669.034684
168,0.982,OK,1770639669.054378
169,0.524,OK,1770639669.074047
170,0.664,OK,1770639669.094352
171,0.629,OK,1770639669.114461
172,0.671,OK,1770639669.134604
173,0.729,OK,1770639669.154825
174,1.141,OK,1770639669.175319
175,0.614,OK,1770639669.194876
176,1.264,OK,1770639669.215635
177,0.660,OK,1770639669.235174
178,0.662,OK,1770639669.255280
179,0.579,OK,1770639669.275309
180,0.739,OK,1770639669.295577
181,0.838,OK,1770639669.315792
182,0.831,OK,1770639669.335870
183,0.623,OK,1770639669.355713
184,0.965,OK,1770639669.376140
185,0.765,OK,1770639669.396023
186,2.369,OK,1770639669.417739
187,0.764,OK,1770639669.436300
188,0.773,OK,1770639669.456458
189,1.225,OK,1770639669.477061
190,1.735,OK,1770639669.497731
191,1.031,OK,1770639669.517091
192,0.973,OK,1770639669.537139
193,1.148,OK,1770639669.557469
194,0.789,OK,1770639669.577242
195,0.777,OK,1770639669.597313
196,0.712,OK,1770639669.617370
197,0.756,OK,1770639669.637566
198,0.740,OK,1770639669.657690
199,0.942,OK,1770639669.678044
200,1.003,OK,1770639669.698223
201,1.084,OK,1770639669.718449
202,1.120,OK,1770639669.738652
203,1.135,OK,1770639669.758844
204,3.862,OK,1770639669.781733
205,1.026,OK,1770639669.799057
206,1.049,OK,1770639669.819208
207,0.609,OK,1770639669.838912
208,0.683,OK,1770639669.859104
209,0.689,OK,1770639669.879213
210,0.576,OK,1770639669.899200
211,0.649,OK,1770639669.919435
212,0.855,OK,1770639669.939787
213,0.840,OK,1770639669.959931
214,2.332,OK,1770639669.981604
215,0.902,OK,1770639670.000333
216,1.645,OK,1770639670.021232
217,1.265,OK,1770639670.041016
218,1.172,OK,1770639670.061078
219,1.168,OK,1770639670.081241
220,0.977,OK,1770639670.101163
221,1.650,OK,1770639670.122017
222,0.969,OK,1770639670.141501
223,0.980,OK,1770639670.161679
224,0.974,OK,1770639670.181834
225,1.161,OK,1770639670.202203
226,1.131,OK,1770639670.222301
227,1.094,OK,1770639670.242433
228,1.114,OK,1770639670.262614
229,0.865,OK,1770639670.282541
230,0.917,OK,1770639670.302749
231,0.852,OK,1770639670.322867
232,1.066,OK,1770639670.343207
233,1.125,OK,1770639670.363437
234,1.055,OK,1770639670.383531
235,1.024,OK,1770639670.403655
236,0.720,OK,1770639670.423470
237,0.713,OK,1770639670.443542
238,0.634,OK,1770639670.463535
239,0.710,OK,1770639670.483716
240,0.922,OK,1770639670.504093
241,0.848,OK,1770639670.524095
242,0.808,OK,1770639670.544141
243,1.115,OK,1770639670.564597
244,0.702,OK,1770639670.584321
245,0.716,OK,1770639670.604483
246,2.847,OK,1770639670.626776
247,1.131,OK,1770639670.645219
248,0.951,OK,1770639670.665161
249,2.227,OK,1770639670.686594
250,0.837,OK,1770639670.705393
251,1.256,OK,1770639670.725967
252,0.637,OK,1770639670.745446
253,0.669,OK,1770639670.765636
254,1.724,OK,1770639670.786749
255,0.735,OK,1770639670.805817
256,0.681,OK,1770639670.825890
257,0.811,OK,1770639670.846145
258,1.929,OK,1770639670.867407
259,0.784,OK,1770639670.886386
260,0.589,OK,1770639670.906340
261,0.966,OK,1770639670.926879
262,2.517,OK,1770639670.948594
263,0.849,OK,1770639670.967016
264,1.233,OK,1770639670.987491
265,0.728,OK,1770639671.007112
266,0.686,OK,1770639671.027180
267,0.570,OK,1770639671.047214
268,0.624,OK,1770639671.067369
269,1.779,OK,1770639671.088649
270,0.767,OK,1770639671.107824
271,0.545,OK,1770639671.127673
272,2.287,OK,1770639671.149534
273,0.914,OK,1770639671.168294
274,1.151,OK,1770639671.188692
275,0.812,OK,1770639671.208539
276,1.096,OK,1770639671.228940
277,0.865,OK,1770639671.248892
278,0.932,OK,1770639671.269079
279,1.079,OK,1770639671.289353
280,0.977,OK,1770639671.309416
281,1.094,OK,1770639671.329695
282,1.152,OK,1770639671.349914
283,1.240,OK,1770639671.370169
284,1.120,OK,1770639671.390206
285,1.169,OK,1770639671.410389
286,1.081,OK,1770639671.430469
287,0.900,OK,1770639671.450435
288,1.850,OK,1770639671.471527
289,1.288,OK,1770639671.491134
290,0.865,OK,1770639671.510887
291,0.909,OK,1770639671.531061
292,1.073,OK,1770639671.551349
293,1.054,OK,1770639671.571474
294,1.097,OK,1770639671.591682
295,1.078,OK,1770639671.611831
296,1.275,OK,1770639671.632171
297,0.763,OK,1770639671.651773
298,2.479,OK,1770639671.673581
299,0.615,OK,1770639671.691788
300,0.838,OK,1770639671.712110
301,2.317,OK,1770639671.733695
302,0.994,OK,1770639671.752537
303,0.853,OK,1770639671.772537
304,1.381,OK,1770639671.793228
305,0.680,OK,1770639671.812680
306,0.603,OK,1770639671.832686
307,3.035,OK,1770639671.855239
308,0.945,OK,1770639671.873310
309,1.189,OK,1770639671.893718
310,1.135,OK,1770639671.913810
311,1.037,OK,1770639671.933877
312,1.046,OK,1770639671.954066
313,1.105,OK,1770639671.974205
314,1.535,OK,1770639671.994758
315,0.993,OK,1770639672.014364
316,2.071,OK,1770639672.035595
317,0.926,OK,1770639672.054594
318,0.899,OK,1770639672.074706
319,0.977,OK,1770639672.094931
320,1.795,OK,1770639672.115902
321,0.875,OK,1770639672.135096
322,0.842,OK,1770639672.155201
323,0.923,OK,1770639672.175455
324,0.994,OK,1770639672.195682
325,0.979,OK,1770639672.215838
326,0.826,OK,1770639672.235856
327,1.373,OK,1770639672.256527
328,0.660,OK,1770639672.275935
329,0.477,OK,1770639672.295848
330,0.568,OK,1770639672.316043
331,0.588,OK,1770639672.336169
332,0.682,OK,1770639672.356453
333,0.609,OK,1770639672.376544
334,0.653,OK,1770639672.396658
335,1.065,OK,1770639672.417155
336,1.059,OK,1770639672.437274
337,0.846,OK,1770639672.457202
338,0.761,OK,1770639672.477285
339,0.988,OK,1770639672.497693
340,1.088,OK,1770639672.517945
341,0.714,OK,1770639672.537701
342,1.620,OK,1770639672.558679
343,0.756,OK,1770639672.577890
344,0.943,OK,1770639672.598240
345,0.762,OK,1770639672.618173
346,1.058,OK,1770639672.638607
347,2.068,OK,1770639672.659739
348,0.744,OK,1770639672.678513
349,1.076,OK,1770639672.698987
350,0.854,OK,1770639672.718935
351,0.754,OK,1770639672.739043
352,0.485,OK,1770639672.758877
353,0.732,OK,1770639672.779249
354,0.571,OK,1770639672.799162
355,0.499,OK,1770639672.819207
356,1.082,OK,1770639672.839963
357,0.881,OK,1770639672.859923
358,0.897,OK,1770639672.880080
359,0.588,OK,1770639672.899894
360,0.798,OK,1770639672.920236
361,0.911,OK,1770639672.940478
362,0.496,OK,1770639672.960152
363,0.624,OK,1770639672.980354
364,0.702,OK,1770639673.000616
365,1.040,OK,1770639673.021122
366,1.239,OK,1770639673.041464
367,1.012,OK,1770639673.061388
368,0.813,OK,1770639673.081284
369,0.679,OK,1770639673.101264
370,0.689,OK,1770639673.121445
371,0.661,OK,1770639673.141531
372,1.599,OK,1770639673.162619
373,2.043,OK,1770639673.183223
374,0.921,OK,1770639673.202248
375,0.932,OK,1770639673.222392
376,1.050,OK,1770639673.242676
377,2.517,OK,1770639673.264288
378,0.761,OK,1770639673.282648
379,2.200,OK,1770639673.306270
380,1.705,OK,1770639673.325877
381,0.757,OK,1770639673.345063
382,0.655,OK,1770639673.365052
383,1.535,OK,1770639673.386055
384,0.686,OK,1770639673.405376
385,0.622,OK,1770639673.425506
386,0.841,OK,1770639673.445831
387,0.718,OK,1770639673.465859
388,2.373,OK,1770639673.487588
389,0.929,OK,1770639673.506275
390,0.674,OK,1770639673.526133
391,0.763,OK,1770639673.546336
392,0.618,OK,1770639673.566285
393,0.805,OK,1770639673.586572
394,0.788,OK,1770639673.606692
395,0.582,OK,1770639673.626590
396,0.673,OK,1770639673.646763
397,0.754,OK,1770639673.666924
398,0.668,OK,1770639673.686948
399,0.802,OK,1770639673.707260
400,0.663,OK,1770639673.727206
401,3.982,OK,1770639673.750644
402,0.675,OK,1770639673.767452
403,0.872,OK,1770639673.787782
404,0.925,OK,1770639673.807958
405,0.781,OK,1770639673.827861
406,0.673,OK,1770639673.847836
407,0.705,OK,1770639673.868001
408,0.829,OK,1770639673.888211
409,0.659,OK,1770639673.908154
410,0.608,OK,1770639673.928229
411,0.747,OK,1770639673.948470
412,0.704,OK,1770639673.968575
413,0.674,OK,1770639673.988713
414,0.951,OK,1770639674.009171
415,2.275,OK,1770639674.030697
416,0.908,OK,1770639674.049489
417,0.620,OK,1770639674.069315
418,0.610,OK,1770639674.089430
419,0.842,OK,1770639674.109783
420,0.658,OK,1770639674.129709
421,0.701,OK,1770639674.149849
422,1.007,OK,1770639674.170225
423,0.823,OK,1770639674.190132
424,0.872,OK,1770639674.210323
425,0.642,OK,1770639674.230212
426,0.728,OK,1770639674.250449
427,0.917,OK,1770639674.270800
428,0.942,OK,1770639674.290998
429,0.932,OK,1770639674.311116
430,1.352,OK,1770639674.331689
431,0.840,OK,1770639674.351333
432,1.050,OK,1770639674.371717
433,0.909,OK,1770639674.391746
434,0.829,OK,1770639674.411834
435,1.258,OK,1770639674.432454
436,0.800,OK,1770639674.452132
437,1.065,OK,1770639674.472600
438,0.882,OK,1770639674.492585
439,1.421,OK,1770639674.513239
440,2.782,OK,1770639674.534755
441,0.925,OK,1770639674.553001
442,1.017,OK,1770639674.573211
443,1.159,OK,1770639674.593496
444,1.038,OK,1770639674.613518
445,0.902,OK,1770639674.633544
446,1.030,OK,1770639674.653825
447,1.863,OK,1770639674.674825
448,2.605,OK,1770639674.695688
449,1.033,OK,1770639674.714244
450,0.752,OK,1770639674.734080
451,1.959,OK,1770639674.755398
452,0.600,OK,1770639674.774153
453,0.592,OK,1770639674.794254
454,1.078,OK,1770639674.814883
455,1.057,OK,1770639674.835027
456,1.076,OK,1770639674.855166
457,1.210,OK,1770639674.875464
458,0.992,OK,1770639674.895408
459,0.988,OK,1770639674.915570
460,0.900,OK,1770639674.935606
461,0.905,OK,1770639674.955767
462,0.916,OK,1770639674.975951
463,0.875,OK,1770639674.996033
464,1.848,OK,1770639675.017155
465,0.637,OK,1770639675.036053
466,0.727,OK,1770639675.056304
467,0.695,OK,1770639675.076417
468,0.936,OK,1770639675.096779
469,0.844,OK,1770639675.116811
470,0.661,OK,1770639675.136704
471,0.764,OK,1770639675.156925
472,0.975,OK,1770639675.177247
473,0.724,OK,1770639675.197099
474,0.631,OK,1770639675.217115
475,0.633,OK,1770639675.237219
476,0.582,OK,1770639675.257287
477,0.538,OK,1770639675.277364
478,0.550,OK,1770639675.297489
479,0.674,OK,1770639675.317678
480,1.425,OK,1770639675.338625
481,1.825,OK,1770639675.359121
482,0.678,OK,1770639675.378091
483,0.552,OK,1770639675.398072
484,0.657,OK,1770639675.418297
485,0.725,OK,1770639675.438650
486,1.034,OK,1770639675.459118
487,1.205,OK,1770639675.479445
488,0.772,OK,1770639675.499103
489,0.984,OK,1770639675.519423
490,0.574,OK,1770639675.539179
491,0.546,OK,1770639675.559291
492,0.780,OK,1770639675.579686
493,0.780,OK,1770639675.599829
494,0.753,OK,1770639675.619900
495,0.894,OK,1770639675.640157
496,1.111,OK,1770639675.660519
497,2.325,OK,1770639675.681890
498,0.955,OK,1770639675.700664
499,1.052,OK,1770639675.720928
500,1.112,OK,1770639675.741170
501,1.009,OK,1770639675.761223
502,2.373,OK,1770639675.782758
503,1.038,OK,1770639675.801572
504,1.039,OK,1770639675.821704
505,1.118,OK,1770639675.841952
506,0.801,OK,1770639675.861828
507,0.859,OK,1770639675.882013
508,0.891,OK,1770639675.902183
509,0.871,OK,1770639675.922278
510,0.724,OK,1770639675.942231
511,0.649,OK,1770639675.962234
512,0.634,OK,1770639675.982323
513,0.504,OK,1770639676.002350
514,0.673,OK,1770639676.022657
515,0.853,OK,1770639676.042954
516,0.996,OK,1770639676.063215
517,0.966,OK,1770639676.083371
518,1.675,OK,1770639676.104239
519,1.051,OK,1770639676.123772
520,1.080,OK,1770639676.143961
521,0.844,OK,1770639676.163891
522,0.900,OK,1770639676.184072
523,1.774,OK,1770639676.205076
524,1.237,OK,1770639676.224698
525,0.905,OK,1770639676.244529
526,1.089,OK,1770639676.264875
527,1.087,OK,1770639676.285035
528,2.121,OK,1770639676.306168
529,0.746,OK,1770639676.324880
530,0.704,OK,1770639676.345001
531,0.651,OK,1770639676.365093
532,1.059,OK,1770639676.385638
533,1.107,OK,1770639676.405754
534,0.630,OK,1770639676.425400
535,0.975,OK,1770639676.445832
536,0.797,OK,1770639676.465908
537,0.633,OK,1770639676.485872
538,0.768,OK,1770639676.506084
539,0.568,OK,1770639676.525982
540,0.737,OK,1770639676.546226
541,1.223,OK,1770639676.566837
542,0.629,OK,1770639676.586346
543,0.955,OK,1770639676.606886
544,0.849,OK,1770639676.626947
545,1.048,OK,1770639676.647261
546,1.162,OK,1770639676.667511
547,0.795,OK,1770639676.687225
548,0.989,OK,1770639676.707602
549,0.828,OK,1770639676.727563
550,0.865,OK,1770639676.747717
551,2.654,OK,1770639676.769678
552,1.436,OK,1770639676.788580
553,0.796,OK,1770639676.808052
554,1.012,OK,1770639676.828448
555,0.821,OK,1770639676.848380
556,0.783,OK,1770639676.868480
557,0.804,OK,1770639676.888636
558,0.965,OK,1770639676.908923
559,0.975,OK,1770639676.929068
560,0.939,OK,1770639676.949122
561,0.868,OK,1770639676.969164
562,1.368,OK,1770639676.989769
563,0.826,OK,1770639677.009317
564,0.822,OK,1770639677.029400
565,1.446,OK,1770639677.050147
566,0.885,OK,1770639677.069730
567,1.271,OK,1770639677.090244
568,0.669,OK,1770639677.109725
569,0.516,OK,1770639677.129649
570,0.545,OK,1770639677.149771
571,0.724,OK,1770639677.170053
572,0.724,OK,1770639677.190197
573,0.838,OK,1770639677.210386
574,0.802,OK,1770639677.230467
575,0.848,OK,1770639677.250649
576,1.172,OK,1770639677.271116
577,1.395,OK,1770639677.291483
578,0.845,OK,1770639677.311070
579,0.747,OK,1770639677.331112
580,0.813,OK,1770639677.351304
581,0.760,OK,1770639677.371363
582,0.834,OK,1770639677.391556
583,0.788,OK,1770639677.411670
584,0.754,OK,1770639677.431772
585,1.051,OK,1770639677.452183
586,0.976,OK,1770639677.472249
587,1.729,OK,1770639677.493145
588,0.708,OK,1770639677.512277
589,0.695,OK,1770639677.532414
590,0.869,OK,1770639677.552719
591,1.367,OK,1770639677.573324
592,0.820,OK,1770639677.592906
593,0.498,OK,1770639677.612683
594,0.644,OK,1770639677.632938
595,0.926,OK,1770639677.653368
596,1.524,OK,1770639677.674105
597,0.711,OK,1770639677.693409
598,0.732,OK,1770639677.713554
599,0.571,OK,1770639677.733497
600,0.568,OK,1770639677.753633
601,0.684,OK,1770639677.773837
602,0.773,OK,1770639677.793996
603,0.740,OK,1770639677.814117
604,1.596,OK,1770639677.835093
605,1.026,OK,1770639677.854670
606,1.760,OK,1770639677.875635
607,1.170,OK,1770639677.895226
608,0.924,OK,1770639677.915111
609,0.926,OK,1770639677.935258
610,1.078,OK,1770639677.955580
611,1.041,OK,1770639677.975701
612,0.851,OK,1770639677.995673
613,0.915,OK,1770639678.015883
614,0.936,OK,1770639678.036065
615,0.814,OK,1770639678.056070
616,0.873,OK,1770639678.076296
617,0.897,OK,1770639678.096487
618,0.850,OK,1770639678.116591
619,1.746,OK,1770639678.137648
620,0.940,OK,1770639678.157013
621,0.932,OK,1770639678.177131
622,1.001,OK,1770639678.197355
623,0.934,OK,1770639678.217435
624,1.199,OK,1770639678.237860
625,1.112,OK,1770639678.257935
626,0.997,OK,1770639678.278000
627,0.596,OK,1770639678.297643
628,0.712,OK,1770639678.317833
629,0.752,OK,1770639678.337985
630,0.508,OK,1770639678.357848
631,0.572,OK,1770639678.378103
632,0.641,OK,1770639678.398338
633,0.668,OK,1770639678.418503
634,2.934,OK,1770639678.440937
635,1.266,OK,1770639678.459458
636,0.954,OK,1770639678.479290
637,1.146,OK,1770639678.499645
638,1.095,OK,1770639678.519760
639,0.981,OK,1770639678.539797
640,1.103,OK,1770639678.560105
641,0.963,OK,1770639678.580058
642,0.987,OK,1770639678.600249
643,1.034,OK,1770639678.620465
644,1.185,OK,1770639678.640813
645,2.703,OK,1770639678.662564
646,0.818,OK,1770639678.680840
647,1.028,OK,1770639678.701229
648,0.963,OK,1770639678.721323
649,0.963,OK,1770639678.741442
650,0.983,OK,1770639678.761636
651,2.112,OK,1770639678.782926
652,1.054,OK,1770639678.802030
653,0.973,OK,1770639678.822048
654,1.049,OK,1770639678.842237
655,1.755,OK,1770639678.863065
656,0.667,OK,1770639678.882088
657,1.683,OK,1770639678.903217
658,0.628,OK,1770639678.922262
659,0.640,OK,1770639678.942371
660,1.400,OK,1770639678.963274
661,0.523,OK,1770639678.982486
662,0.702,OK,1770639679.002751
663,0.677,OK,1770639679.022815
664,1.263,OK,1770639679.043530
665,1.962,OK,1770639679.064411
666,1.276,OK,1770639679.083894
667,1.826,OK,1770639679.104605
668,0.888,OK,1770639679.123904
669,0.828,OK,1770639679.143921
670,4.939,OK,1770639679.168130
671,0.568,OK,1770639679.183869
672,1.077,OK,1770639679.204499
673,0.725,OK,1770639679.224257
674,0.973,OK,1770639679.244660
675,1.177,OK,1770639679.265033
676,1.193,OK,1770639679.285195
677,0.894,OK,1770639679.304999
678,0.996,OK,1770639679.325217
679,3.150,OK,1770639679.347538
680,2.202,OK,1770639679.366752
681,0.659,OK,1770639679.385361
682,0.801,OK,1770639679.405611
683,0.804,OK,1770639679.425760
684,1.019,OK,1770639679.446071
685,1.069,OK,1770639679.466269
686,1.374,OK,1770639679.486719
687,0.793,OK,1770639679.506305
688,0.660,OK,1770639679.526283
689,0.730,OK,1770639679.546477
690,0.810,OK,1770639679.566666
691,0.723,OK,1770639679.586682
692,0.679,OK,1770639679.606833
693,0.870,OK,1770639679.627100
694,0.982,OK,1770639679.647341
695,1.143,OK,1770639679.667652
696,0.935,OK,1770639679.687602
697,0.926,OK,1770639679.707694
698,0.870,OK,1770639679.727813
699,1.352,OK,1770639679.748447
700,0.980,OK,1770639679.768192
701,2.656,OK,1770639679.790011
702,1.191,OK,1770639679.808717
703,0.961,OK,1770639679.828643
704,1.068,OK,1770639679.848906
705,1.005,OK,1770639679.869013
706,1.066,OK,1770639679.889132
707,1.366,OK,1770639679.909574
708,0.968,OK,1770639679.929300
709,0.774,OK,1770639679.949234
710,0.924,OK,1770639679.969509
711,0.709,OK,1770639679.989430
712,1.064,OK,1770639680.009862
713,0.730,OK,1770639680.029619
714,0.880,OK,1770639680.049893
715,0.981,OK,1770639680.070084
716,0.803,OK,1770639680.090034
717,1.792,OK,1770639680.111160
718,0.841,OK,1770639680.130328
719,0.546,OK,1770639680.150139
720,1.776,OK,1770639680.171521
721,0.644,OK,1770639680.190502
722,1.057,OK,1770639680.210996
723,0.542,OK,1770639680.230657
724,1.132,OK,1770639680.251327
725,0.628,OK,1770639680.270932
726,0.682,OK,1770639680.291117
727,1.020,OK,1770639680.311618
728,0.833,OK,1770639680.331615
729,0.643,OK,1770639680.351500
730,2.187,OK,1770639680.373153
731,0.725,OK,1770639680.391774
732,0.517,OK,1770639680.411644
733,0.723,OK,1770639680.431953
734,0.772,OK,1770639680.452149
735,0.961,OK,1770639680.472479
736,0.834,OK,1770639680.492520
737,3.115,OK,1770639680.514963
738,0.802,OK,1770639680.532817
739,0.970,OK,1770639680.553145
740,0.777,OK,1770639680.573074
741,0.545,OK,1770639680.592993
742,0.657,OK,1770639680.613246
743,0.777,OK,1770639680.633478
744,0.919,OK,1770639680.653710
745,0.705,OK,1770639680.673615
746,0.804,OK,1770639680.694053
747,0.594,OK,1770639680.713947
748,2.021,OK,1770639680.735503
749,0.432,OK,1770639680.754031
750,0.685,OK,1770639680.774401
751,0.451,OK,1770639680.794322
752,0.622,OK,1770639680.814682
753,0.526,OK,1770639680.834634
754,3.385,OK,1770639680.857601
755,1.808,OK,1770639680.876154
756,0.740,OK,1770639680.895260
757,2.035,OK,1770639680.916753
758,1.057,OK,1770639680.935953
759,0.897,OK,1770639680.955966
760,1.321,OK,1770639680.976530
761,2.023,OK,1770639680.997386
762,1.030,OK,1770639681.016557
763,1.074,OK,1770639681.036778
764,0.935,OK,1770639681.056795
765,1.232,OK,1770639681.077281
766,0.993,OK,1770639681.097159
767,2.769,OK,1770639681.119048
768,0.888,OK,1770639681.137354
769,0.886,OK,1770639681.157557
770,0.855,OK,1770639681.177712
771,0.860,OK,1770639681.197892
772,0.835,OK,1770639681.218072
773,0.923,OK,1770639681.238258
774,2.306,OK,1770639681.259766
775,0.869,OK,1770639681.278477
776,2.512,OK,1770639681.300282
777,0.807,OK,1770639681.318745
778,1.160,OK,1770639681.339210
779,1.499,OK,1770639681.359637
780,1.521,OK,1770639681.379795
781,0.626,OK,1770639681.398994
782,2.127,OK,1770639681.420596
783,1.847,OK,1770639681.440545
784,0.644,OK,1770639681.459513
785,0.855,OK,1770639681.479803
786,0.822,OK,1770639681.499871
787,0.723,OK,1770639681.519876
788,1.627,OK,1770639681.540900
789,0.974,OK,1770639681.560370
790,1.076,OK,1770639681.580627
791,1.030,OK,1770639681.600741
792,0.959,OK,1770639681.620822
793,2.600,OK,1770639681.642643
794,1.108,OK,1770639681.661280
795,1.024,OK,1770639681.681358
796,1.074,OK,1770639681.701573
797,1.052,OK,1770639681.721673
798,1.075,OK,1770639681.741865
799,1.043,OK,1770639681.762008
800,0.830,OK,1770639681.781933
801,1.023,OK,1770639681.802243
802,0.833,OK,1770639681.822216
803,1.066,OK,1770639681.842630
804,1.252,OK,1770639681.863014
805,0.931,OK,1770639681.882870
806,0.766,OK,1770639681.902848
807,0.673,OK,1770639681.922871
808,0.623,OK,1770639681.942933
809,0.637,OK,1770639681.963056
810,0.594,OK,1770639681.983397
811,0.626,OK,1770639682.003534
812,2.542,OK,1770639682.025578
813,1.534,OK,1770639682.044695
814,0.807,OK,1770639682.064095
815,0.538,OK,1770639682.083910
816,1.719,OK,1770639682.105226
817,0.958,OK,1770639682.124594
818,1.097,OK,1770639682.144897
819,0.875,OK,1770639682.164836
820,1.092,OK,1770639682.185216
821,1.123,OK,1770639682.205379
822,0.983,OK,1770639682.225349
823,1.028,OK,1770639682.245566
824,1.124,OK,1770639682.265838
825,1.119,OK,1770639682.285997
826,1.904,OK,1770639682.306950
827,1.115,OK,1770639682.326324
828,0.996,OK,1770639682.346378
829,0.941,OK,1770639682.366491
830,1.024,OK,1770639682.386744
831,1.766,OK,1770639682.407643
832,1.049,OK,1770639682.427104
833,1.080,OK,1770639682.447258
834,0.968,OK,1770639682.467299
835,2.787,OK,1770639682.489234
836,1.070,OK,1770639682.507684
837,1.003,OK,1770639682.527781
838,1.325,OK,1770639682.548271
839,2.140,OK,1770639682.569245
840,2.438,OK,1770639682.589668
841,1.187,OK,1770639682.608529
842,0.724,OK,1770639682.628187
843,0.545,OK,1770639682.648085
844,0.711,OK,1770639682.668366
845,0.642,OK,1770639682.688371
846,0.738,OK,1770639682.708630
847,0.644,OK,1770639682.728700
848,1.273,OK,1770639682.749461
849,0.582,OK,1770639682.768847
850,0.592,OK,1770639682.788966
851,0.984,OK,1770639682.809534
852,1.019,OK,1770639682.829753
853,2.335,OK,1770639682.851212
854,2.189,OK,1770639682.871249
855,1.336,OK,1770639682.890590
856,0.713,OK,1770639682.910114
857,0.709,OK,1770639682.930254
858,2.482,OK,1770639682.952153
859,0.888,OK,1770639682.970699
860,1.976,OK,1770639682.991935
861,1.082,OK,1770639683.011171
862,0.864,OK,1770639683.031080
863,1.374,OK,1770639683.051762
864,0.984,OK,1770639683.071540
865,1.003,OK,1770639683.091750
866,1.095,OK,1770639683.112005
867,2.367,OK,1770639683.133473
868,0.848,OK,1770639683.152128
869,0.741,OK,1770639683.172143
870,1.234,OK,1770639683.192745
871,2.407,OK,1770639683.214097
872,0.985,OK,1770639683.232822
873,1.888,OK,1770639683.253857
874,0.754,OK,1770639683.272830
875,0.646,OK,1770639683.292796
876,0.927,OK,1770639683.313219
877,0.585,OK,1770639683.332991
878,0.919,OK,1770639683.353483
879,1.235,OK,1770639683.373974
880,0.768,OK,1770639683.393641
881,0.661,OK,1770639683.413693
882,1.384,OK,1770639683.434537
883,0.615,OK,1770639683.453871
884,0.847,OK,1770639683.474315
885,2.012,OK,1770639683.495594
886,1.421,OK,1770639683.515129
887,0.917,OK,1770639683.534696
888,0.653,OK,1770639683.554507
889,0.686,OK,1770639683.574728
890,0.682,OK,1770639683.594798
891,0.722,OK,1770639683.614941
892,0.769,OK,1770639683.635089
893,1.874,OK,1770639683.656303
894,0.670,OK,1770639683.675286
895,0.733,OK,1770639683.695447
896,2.309,OK,1770639683.717251
897,2.546,OK,1770639683.737614
898,0.689,OK,1770639683.756095
899,0.567,OK,1770639683.776089
900,0.928,OK,1770639683.796549
901,0.788,OK,1770639683.816572
902,0.878,OK,1770639683.836812
903,1.172,OK,1770639683.857298
904,1.008,OK,1770639683.877261
905,0.499,OK,1770639683.896858
906,1.785,OK,1770639683.918250
907,2.554,OK,1770639683.939178
908,0.641,OK,1770639683.957469
909,0.544,OK,1770639683.977483
910,1.078,OK,1770639683.998181
911,1.820,OK,1770639684.019140
912,0.888,OK,1770639684.038351
913,0.614,OK,1770639684.058195
914,0.743,OK,1770639684.078511
915,0.607,OK,1770639684.098484
916,0.628,OK,1770639684.118582
917,1.240,OK,1770639684.139345
918,0.631,OK,1770639684.158817
919,2.318,OK,1770639684.180612
920,2.438,OK,1770639684.200895
921,1.009,OK,1770639684.219636
922,1.026,OK,1770639684.239851
923,0.658,OK,1770639684.259669
924,0.698,OK,1770639684.279872
925,0.767,OK,1770639684.300046
926,0.595,OK,1770639684.320051
927,0.827,OK,1770639684.340416
928,0.680,OK,1770639684.360443
929,1.660,OK,1770639684.381571
930,0.645,OK,1770639684.400701
931,0.661,OK,1770639684.420794
932,1.880,OK,1770639684.442111
933,0.592,OK,1770639684.460939
934,0.491,OK,1770639684.480958
935,0.463,OK,1770639684.501045
936,1.115,OK,1770639684.521800
937,0.733,OK,1770639684.541610
938,0.609,OK,1770639684.561591
939,0.516,OK,1770639684.581582
940,0.631,OK,1770639684.601837
941,1.138,OK,1770639684.622442
942,0.708,OK,1770639684.642185
943,1.000,OK,1770639684.662633
944,1.093,OK,1770639684.682887
945,1.007,OK,1770639684.702952
946,1.069,OK,1770639684.723184
947,0.998,OK,1770639684.743285
948,1.015,OK,1770639684.763461
949,1.047,OK,1770639684.783666
950,3.435,OK,1770639684.806224
951,0.920,OK,1770639684.823869
952,0.919,OK,1770639684.844021
953,0.858,OK,1770639684.864028
954,0.483,OK,1770639684.883775
955,0.628,OK,1770639684.904017
956,0.903,OK,1770639684.924450
957,1.115,OK,1770639684.944789
958,1.357,OK,1770639684.965221
959,0.841,OK,1770639684.984863
960,0.804,OK,1770639685.004943
961,0.707,OK,1770639685.024945
962,1.425,OK,1770639685.045818
963,0.936,OK,1770639685.065482
964,0.679,OK,1770639685.085341
965,0.680,OK,1770639685.105490
966,0.656,OK,1770639685.125572
967,0.549,OK,1770639685.145506
968,1.574,OK,1770639685.166647
969,0.431,OK,1770639685.185583
970,0.701,OK,1770639685.206038
971,0.597,OK,1770639685.226067
972,0.640,OK,1770639685.246222
973,0.683,OK,1770639685.266356
974,0.573,OK,1770639685.286329
975,0.874,OK,1770639685.306746
976,1.451,OK,1770639685.327510
977,1.065,OK,1770639685.347259
978,0.675,OK,1770639685.366963
979,1.739,OK,1770639685.388103
980,0.818,OK,1770639685.407335
981,0.956,OK,1770639685.427649
982,1.058,OK,1770639685.447910
983,1.146,OK,1770639685.468180
984,1.679,OK,1770639685.488838
985,0.897,OK,1770639685.508204
986,0.837,OK,1770639685.528304
987,0.886,OK,1770639685.548512
988,0.917,OK,1770639685.568690
989,1.075,OK,1770639685.589025
990,1.675,OK,1770639685.609807
991,0.937,OK,1770639685.629189
992,0.918,OK,1770639685.649322
993,2.221,OK,1770639685.670736
994,0.887,OK,1770639685.689561
995,0.657,OK,1770639685.709470
996,0.548,OK,1770639685.729494
997,0.476,OK,1770639685.749536
998,0.506,OK,1770639685.769635
999,0.657,OK,1770639685.789858
1000,0.800,OK,1770639685.810112
1001,0.515,OK,1770639685.829988
1002,1.140,OK,1770639685.850788
1003,0.967,OK,1770639685.870780
1004,0.855,OK,1770639685.890789
1005,2.237,OK,1770639685.912278
1006,0.612,OK,1770639685.930756
1007,1.237,OK,1770639685.951506
1008,0.700,OK,1770639685.971056
1009,1.161,OK,1770639685.991682
1010,1.299,OK,1770639686.011964
1011,1.519,OK,1770639686.032312
1012,1.117,OK,1770639686.052045
1013,0.685,OK,1770639686.071699
1014,0.642,OK,1770639686.091743
1015,0.705,OK,1770639686.111927
1016,0.572,OK,1770639686.131871
1017,0.727,OK,1770639686.152142
1018,1.214,OK,1770639686.172780
1019,1.051,OK,1770639686.192800
1020,2.986,OK,1770639686.214904
1021,1.779,OK,1770639686.233884
1022,1.009,OK,1770639686.253243
1023,1.121,OK,1770639686.273503
1024,1.208,OK,1770639686.293743
1025,0.833,OK,1770639686.313535
1026,0.532,OK,1770639686.333337
1027,0.786,OK,1770639686.353692
1028,0.809,OK,1770639686.373849
1029,0.665,OK,1770639686.393793
1030,0.888,OK,1770639686.414140
1031,0.654,OK,1770639686.434095
1032,0.547,OK,1770639686.454149
1033,0.628,OK,1770639686.474379
1034,0.657,OK,1770639686.494521
1035,0.782,OK,1770639686.514778
1036,0.888,OK,1770639686.534993
1037,2.797,OK,1770639686.557021
1038,2.871,OK,1770639686.577245
1039,0.889,OK,1770639686.595423
1040,0.850,OK,1770639686.615553
1041,0.951,OK,1770639686.635829
1042,1.034,OK,1770639686.656087
1043,0.960,OK,1770639686.676138
1044,1.095,OK,1770639686.696421
1045,1.083,OK,1770639686.716578
1046,1.032,OK,1770639686.736647
1047,0.832,OK,1770639686.756612
1048,3.377,OK,1770639686.779333
1049,0.882,OK,1770639686.796960
1050,0.852,OK,1770639686.817019
1051,0.729,OK,1770639686.837026
1052,1.292,OK,1770639686.857707
1053,1.042,OK,1770639686.877649
1054,1.492,OK,1770639686.898264
1055,2.287,OK,1770639686.919256
1056,1.532,OK,1770639686.938612
1057,0.624,OK,1770639686.957784
1058,0.587,OK,1770639686.977848
1059,0.608,OK,1770639686.997975
1060,0.956,OK,1770639687.018441
1061,0.623,OK,1770639687.038210
1062,0.585,OK,1770639687.058348
1063,0.552,OK,1770639687.078463
1064,0.627,OK,1770639687.098681
1065,1.429,OK,1770639687.119614
1066,0.839,OK,1770639687.139167
1067,1.133,OK,1770639687.159629
1068,0.949,OK,1770639687.179612
1069,0.935,OK,1770639687.199761
1070,1.675,OK,1770639687.220670
1071,1.067,OK,1770639687.240237
1072,1.062,OK,1770639687.260421
1073,1.130,OK,1770639687.280651
1074,1.038,OK,1770639687.300694
1075,0.926,OK,1770639687.320748
1076,0.999,OK,1770639687.341033
1077,1.060,OK,1770639687.361266
1078,0.806,OK,1770639687.381133
1079,1.007,OK,1770639687.401459
1080,1.054,OK,1770639687.421638
1081,0.787,OK,1770639687.441538
1082,0.782,OK,1770639687.461681
1083,0.927,OK,1770639687.481992
1084,0.779,OK,1770639687.501965
1085,0.796,OK,1770639687.522089
1086,1.580,OK,1770639687.543006
1087,0.938,OK,1770639687.562486
1088,0.916,OK,1770639687.582577
1089,0.571,OK,1770639687.602342
1090,1.481,OK,1770639687.623362
1091,0.819,OK,1770639687.642867
1092,0.664,OK,1770639687.662807
1093,0.655,OK,1770639687.682878
1094,0.715,OK,1770639687.703074
1095,1.059,OK,1770639687.723572
1096,0.997,OK,1770639687.743701
1097,0.955,OK,1770639687.763844
1098,0.995,OK,1770639687.784055
1099,1.990,OK,1770639687.805176
1100,0.925,OK,1770639687.824297
1101,1.104,OK,1770639687.844629
1102,0.940,OK,1770639687.864622
1103,1.092,OK,1770639687.884938
1104,1.631,OK,1770639687.905655
1105,0.990,OK,1770639687.925138
1106,1.163,OK,1770639687.945427
1107,1.024,OK,1770639687.965453
1108,2.144,OK,1770639687.986758
1109,2.084,OK,1770639688.006790
1110,1.043,OK,1770639688.025914
1111,1.014,OK,1770639688.046057
1112,1.128,OK,1770639688.066294
1113,1.116,OK,1770639688.086454
1114,1.201,OK,1770639688.106694
1115,0.772,OK,1770639688.126377
1116,0.743,OK,1770639688.146451
1117,0.741,OK,1770639688.166579
1118,0.540,OK,1770639688.186490
1119,0.689,OK,1770639688.206854
1120,0.604,OK,1770639688.226941
1121,0.763,OK,1770639688.247237
1122,0.781,OK,1770639688.267400
1123,0.892,OK,1770639688.287663
1124,0.957,OK,1770639688.307890
1125,0.807,OK,1770639688.327912
1126,0.933,OK,1770639688.348201
1127,0.884,OK,1770639688.368300
1128,0.823,OK,1770639688.388408
1129,0.828,OK,1770639688.408559
1130,1.032,OK,1770639688.428919
1131,1.004,OK,1770639688.449056
1132,2.595,OK,1770639688.470826
1133,1.512,OK,1770639688.489852
1134,0.872,OK,1770639688.509371
1135,1.043,OK,1770639688.529705
1136,0.934,OK,1770639688.549757
1137,1.107,OK,1770639688.570119
1138,1.080,OK,1770639688.590183
1139,0.834,OK,1770639688.610058
1140,0.818,OK,1770639688.630217
1141,1.047,OK,1770639688.650617
1142,1.046,OK,1770639688.670763
1143,1.144,OK,1770639688.691056
1144,1.548,OK,1770639688.711597
1145,0.879,OK,1770639688.731173
1146,0.588,OK,1770639688.750997
1147,0.612,OK,1770639688.771153
1148,0.974,OK,1770639688.791642
1149,0.767,OK,1770639688.811559
1150,0.989,OK,1770639688.831875
1151,1.313,OK,1770639688.852307
