frame,latency_ms,jitter_ms,size_bytes,timestamp_unix
0,-1817.6453,1817.6453,40976,1770973319.243
1,-1791.0922,26.5532,41204,1770973319.306
2,-1774.0207,17.0715,41564,1770973319.359
3,-1800.0922,26.0715,41600,1770973319.369
4,-1786.3035,13.7887,41732,1770973319.42
5,-1802.2583,15.9547,41912,1770973319.439
6,-1808.2719,6.0136,42127,1770973319.469
7,-1820.0712,11.7993,42192,1770973319.493
8,-1831.0342,10.9630,42367,1770973319.518
9,-1832.1042,1.0700,42544,1770973319.553
10,-1852.9391,20.8349,42689,1770973319.568
11,-1843.8296,9.1095,42713,1770973319.613
12,-1870.8324,27.0028,42829,1770973319.622
13,-1886.7016,15.8691,42961,1770973319.642
14,-1882.5710,4.1306,43124,1770973319.682
15,-1877.4369,5.1341,43328,1770973319.723
16,-1882.3195,4.8826,43393,1770973319.754
17,-1877.3105,5.0089,43545,1770973319.795
18,-1886.3406,9.0301,43749,1770973319.822
19,-1881.3057,5.0349,43861,1770973319.863
20,-1885.3395,4.0338,43873,1770973319.895
21,-1879.2570,6.0825,43912,1770973319.937
22,-1889.2565,9.9995,43929,1770973319.963
23,-1884.3634,4.8931,44037,1770973320.004
24,-1883.2693,1.0941,44081,1770973320.041
25,-1874.1941,9.0752,44024,1770973320.086
26,-1885.2792,11.0850,44069,1770973320.112
27,-1876.2720,9.0072,44080,1770973320.157
28,-1887.2898,11.0178,44101,1770973320.182
29,-1879.2880,8.0018,44084,1770973320.226
30,-1887.1596,7.8716,44017,1770973320.254
31,-1882.1230,5.0366,44120,1770973320.295
32,-1882.0224,0.1006,44017,1770973320.332
33,-1885.8552,3.8328,44032,1770973320.363
34,-1881.8500,4.0052,43997,1770973320.403
35,-1879.7824,2.0676,43993,1770973320.441
36,-1881.6378,1.8554,44025,1770973320.475
37,-1890.6236,8.9858,43969,1770973320.502
38,-1877.5482,13.0754,43861,1770973320.551
39,-1881.4778,3.9296,43993,1770973320.583
40,-1874.6655,6.8123,43937,1770973320.627
41,-1881.6602,6.9947,43969,1770973320.656
42,-1877.5961,4.0641,44045,1770973320.696
43,-1888.5987,11.0025,43957,1770973320.721
44,-1884.5589,4.0398,43969,1770973320.761
45,-1887.5115,2.9526,44021,1770973320.794
46,-1886.4055,1.1060,43993,1770973320.831
47,-1880.3790,6.0265,44037,1770973320.873
48,-1885.4525,5.0735,43949,1770973320.905
49,-1883.3632,2.0893,43937,1770973320.943
50,-1888.2563,4.8931,43989,1770973320.974
51,-1880.1665,8.0898,43857,1770973321.018
52,-1888.0672,7.9007,43789,1770973321.046
53,-1881.9516,6.1157,43817,1770973321.088
54,-1882.1323,0.1807,43873,1770973321.124
55,-1880.0552,2.0771,43981,1770973321.162
56,-1862.0090,18.0461,43973,1770973321.216
57,-1889.9496,27.9405,43917,1770973321.224
58,-1867.7976,22.1519,43901,1770973321.282
59,-1880.7116,12.9139,43985,1770973321.305
60,-1867.6288,13.0827,43968,1770973321.354
61,-1871.5081,3.8793,43940,1770973321.386
62,-1872.5393,1.0312,44037,1770973321.421
63,-1874.5158,1.9765,43997,1770973321.455
64,-1887.3928,12.8770,44001,1770973321.478
65,-1886.4019,0.9909,44008,1770973321.515
66,-1885.3130,1.0889,44068,1770973321.552
67,-1884.2487,1.0643,43981,1770973321.589
68,-1885.1295,0.8807,44077,1770973321.625
69,-1879.9987,5.1308,44089,1770973321.666
70,-1879.8876,0.1111,44033,1770973321.702
71,-1878.7885,1.0991,43961,1770973321.739
72,-1891.7735,12.9850,44005,1770973321.762
73,-1881.9091,9.8643,43929,1770973321.808
74,-1887.8706,5.9614,43925,1770973321.838
75,-1877.8498,10.0207,43941,1770973321.884
76,-1882.9234,5.0735,44033,1770973321.916
77,-1880.9834,1.9400,43997,1770973321.954
78,-1892.9842,12.0008,43924,1770973321.978
79,-1884.0001,8.9841,44017,1770973322.023
80,-1878.0189,5.9812,44024,1770973322.065
81,-1883.0290,5.0101,44068,1770973322.096
82,-1873.1217,9.9072,44097,1770973322.142
83,-1887.0184,13.8967,43989,1770973322.164
84,-1881.0487,5.9698,43993,1770973322.206
85,-1877.9814,3.0673,43953,1770973322.245
86,-1873.8451,4.1363,43933,1770973322.285
87,-1873.0545,0.7906,43901,1770973322.322
88,-1886.8454,13.7908,43869,1770973322.343
89,-1878.7758,8.0695,44004,1770973322.387
90,-1888.7653,9.9895,43945,1770973322.413
91,-1881.8076,6.9578,43873,1770973322.456
92,-1888.8707,7.0632,43893,1770973322.485
93,-1884.8197,4.0510,44021,1770973322.525
94,-1879.7336,5.0862,44097,1770973322.566
95,-1873.8604,5.8732,44017,1770973322.608
96,-1879.9572,6.0968,44065,1770973322.638
97,-1876.9665,2.9907,44041,1770973322.677
98,-1876.9283,0.0381,44001,1770973322.713
99,-1888.0370,11.1086,44008,1770973322.738
100,-1892.0238,3.9868,44026,1770973322.77
101,-1876.9460,15.0778,43897,1770973322.821
102,-1879.9684,3.0224,44066,1770973322.854
103,-1884.8808,4.9124,43974,1770973322.885
104,-1887.8498,2.9690,44014,1770973322.919
105,-1884.7737,3.0761,43994,1770973322.958
106,-1883.7290,1.0448,44018,1770973322.995
107,-1874.8100,8.9190,44108,1770973323.04
108,-1890.7230,15.9130,43949,1770973323.06
109,-1890.6004,0.1225,44022,1770973323.096
110,-1887.5790,3.0215,44065,1770973323.135
111,-1882.8964,4.6825,44022,1770973323.176
112,-1881.0005,1.8959,44062,1770973323.215
113,-1884.9154,3.9148,43998,1770973323.247
114,-1883.7841,1.1313,43997,1770973323.284
115,-1886.7388,2.9547,43910,1770973323.319
116,-1881.1636,5.5752,44010,1770973323.36
117,-1871.1641,9.9995,43869,1770973323.406
118,-1893.1215,21.9574,44062,1770973323.42
119,-1875.0212,18.1003,44002,1770973323.474
120,-1875.9384,0.9172,43974,1770973323.509
121,-1865.9031,10.0353,44046,1770973323.555
122,-1890.8105,24.9074,43918,1770973323.566
123,-1885.7515,5.0590,43906,1770973323.607
124,-1892.7681,7.0167,44049,1770973323.636
125,-1882.6413,10.1268,44006,1770973323.682
126,-1882.5822,0.0591,44050,1770973323.718
127,-1880.4288,2.1534,43946,1770973323.756
128,-1885.3278,4.8990,43886,1770973323.787
129,-1887.2988,1.9710,43905,1770973323.821
130,-1883.2366,4.0622,43950,1770973323.861
131,-1885.1535,1.9169,44034,1770973323.895
132,-1875.2241,9.9294,43941,1770973323.941
133,-1865.2258,9.9983,43978,1770973323.987
134,-1863.1403,2.0854,43974,1770973324.025
135,-1878.1703,15.0299,43846,1770973324.046
136,-1877.1112,1.0591,44006,1770973324.083
137,-1883.9881,6.8769,43946,1770973324.112
138,-1880.9710,3.0172,44017,1770973324.151
139,-1877.2898,3.6812,43962,1770973324.191
140,-1868.7253,8.5645,43994,1770973324.236
141,-1873.6575,4.9322,43894,1770973324.267
142,-1878.5417,4.8842,43970,1770973324.298
143,-1864.9328,13.6089,43994,1770973324.348
144,-1870.7628,5.8300,44145,1770973324.377
145,-1886.7126,15.9497,44010,1770973324.397
146,-1877.6963,9.0163,44038,1770973324.442
147,-1866.5776,11.1187,43950,1770973324.489
148,-1884.4664,17.8888,43938,1770973324.507
149,-1884.4686,0.0021,43950,1770973324.543
150,-1875.4506,9.0179,43994,1770973324.588
151,-1879.3695,3.9189,44042,1770973324.62
152,-1877.3520,2.0175,44177,1770973324.658
153,-1877.2964,0.0556,43994,1770973324.694
154,-1885.1340,7.8375,43974,1770973324.722
155,-1883.0559,2.0781,43973,1770973324.76
156,-1861.9170,21.1389,43961,1770973324.817
157,-1888.8350,26.9179,44033,1770973324.826
158,-1886.0695,2.7654,44046,1770973324.865
159,-1891.0224,4.9529,44034,1770973324.896
160,-1888.0002,3.0222,43962,1770973324.936
161,-1879.9078,8.0924,44078,1770973324.98
162,-1878.8307,1.0772,44078,1770973325.017
163,-1874.8057,4.0250,44002,1770973325.057
164,-1887.7308,12.9251,43990,1770973325.08
165,-1883.6975,4.0333,43954,1770973325.12
166,-1889.7440,6.0465,44090,1770973325.15
167,-1877.7061,12.0380,44053,1770973325.198
168,-1872.6780,5.0280,43954,1770973325.239
169,-1884.6402,11.9622,43798,1770973325.263
170,-1878.0169,6.6233,44005,1770973325.306
171,-1880.9428,2.9259,44014,1770973325.338
172,-1875.8986,5.0442,43854,1770973325.379
173,-1870.7621,5.1365,43982,1770973325.42
174,-1883.7056,12.9435,44062,1770973325.443
175,-1884.6698,0.9642,43938,1770973325.478
176,-1880.5921,4.0777,43949,1770973325.518
177,-1871.5563,9.0358,44026,1770973325.563
178,-1879.4868,7.9305,44038,1770973325.591
179,-1883.5163,4.0295,44086,1770973325.623
180,-1876.5113,7.0050,44086,1770973325.667
181,-1870.7378,5.7735,44013,1770973325.709
182,-1881.6924,10.9546,44014,1770973325.734
183,-1872.5379,9.1546,44025,1770973325.779
184,-1885.8423,13.3045,43994,1770973325.802
185,-1876.8947,8.9476,44026,1770973325.847
186,-1881.3043,4.4096,43982,1770973325.879
187,-1876.9526,4.3516,44094,1770973325.92
188,-1872.9024,4.0503,43982,1770973325.96
189,-1868.8271,4.0753,44145,1770973326
190,-1889.7307,20.9036,44130,1770973326.015
191,-1886.6494,3.0813,44102,1770973326.054
192,-1878.5496,8.0998,44042,1770973326.098
193,-1884.4817,5.9321,44038,1770973326.128
194,-1884.6867,0.2050,43962,1770973326.164
195,-1885.5929,0.9062,43994,1770973326.199
196,-1875.4904,10.1025,44082,1770973326.245
197,-1873.3845,2.1060,44094,1770973326.283
198,-1870.3454,3.0391,44002,1770973326.322
199,-1889.2756,18.9302,44002,1770973326.338
200,-1881.1212,8.1544,44030,1770973326.382
201,-1880.0445,1.0767,44134,1770973326.419
202,-1872.0953,7.9491,44134,1770973326.463
203,-1876.0405,3.9451,44014,1770973326.495
204,-1862.9243,13.1161,43978,1770973326.544
205,-1879.8094,16.8850,44066,1770973326.564
206,-1878.6681,1.1413,43934,1770973326.601
207,-1875.5164,3.1517,43938,1770973326.64
208,-1871.4614,4.0550,44010,1770973326.681
209,-1885.4861,14.0247,43994,1770973326.703
210,-1882.4704,3.0158,43990,1770973326.742
211,-1884.3389,1.8685,44074,1770973326.776
212,-1867.2087,17.1301,44082,1770973326.829
213,-1886.1153,18.9066,43982,1770973326.846
214,-1884.9688,1.1466,43954,1770973326.883
215,-1880.8243,4.1444,44042,1770973326.923
216,-1885.7670,4.9427,43969,1770973326.954
217,-1880.6570,5.1100,44114,1770973326.995
218,-1888.5891,7.9322,43974,1770973327.023
219,-1885.6430,2.9461,44037,1770973327.062
220,-1876.5352,9.1078,44030,1770973327.107
221,-1868.4056,8.1296,44006,1770973327.151
222,-1877.4509,9.0454,44022,1770973327.179
223,-1863.4236,14.0274,44070,1770973327.229
224,-1878.3865,14.9629,43962,1770973327.25
225,-1881.3658,2.9793,43970,1770973327.283
226,-1885.8776,4.5118,43962,1770973327.315
227,-1874.7733,11.1043,44014,1770973327.361
228,-1889.7655,14.9922,44078,1770973327.382
229,-1879.6844,10.0811,43958,1770973327.428
230,-1882.7214,3.0370,43966,1770973327.461
231,-1877.5814,5.1401,43910,1770973327.502
232,-1874.4519,3.1295,44042,1770973327.541
233,-1870.4753,3.9766,43938,1770973327.581
234,-1875.3705,4.8952,43998,1770973327.612
235,-1882.5338,7.1633,44014,1770973327.641
236,-1878.5310,4.0028,44073,1770973327.681
237,-1882.4933,3.9623,43958,1770973327.713
238,-1885.4961,3.0029,44054,1770973327.746
239,-1885.4733,0.0229,43978,1770973327.782
240,-1883.3871,2.0862,44033,1770973327.82
241,-1876.3824,7.0047,44050,1770973327.863
242,-1877.3489,0.9665,43933,1770973327.898
243,-1882.2973,4.9484,43966,1770973327.929
244,-1885.3617,3.0644,44018,1770973327.962
245,-1889.3132,3.9515,44086,1770973327.994
246,-1885.1726,4.1406,43978,1770973328.034
247,-1890.2040,5.0313,44069,1770973328.065
248,-1883.1537,7.0503,44102,1770973328.108
249,-1883.0533,0.1004,43990,1770973328.144
250,-1883.0583,0.0050,44006,1770973328.181
251,-1877.9464,5.1119,44042,1770973328.222
252,-1883.8766,5.9302,44098,1770973328.252
253,-1890.8572,6.9807,43893,1770973328.281
254,-1883.8081,7.0491,44030,1770973328.325
255,-1879.6966,4.1115,43986,1770973328.364
256,-1877.5687,2.1279,43974,1770973328.402
257,-1879.5059,1.9372,44017,1770973328.436
258,-1876.4515,3.0544,44010,1770973328.475
259,-1886.3578,9.9063,43986,1770973328.501
260,-1878.2716,8.0862,43914,1770973328.545
261,-1882.2372,3.9656,43917,1770973328.577
262,-1863.1244,19.1128,43890,1770973328.632
263,-1878.9976,15.8732,43982,1770973328.652
264,-1876.9042,2.0933,43818,1770973328.691
265,-1880.7552,3.8509,43874,1770973328.723
266,-1876.6375,4.1177,43874,1770973328.763
267,-1864.5403,12.0971,43858,1770973328.811
268,-1886.4574,21.9171,43874,1770973328.825
269,-1881.4397,5.0178,43898,1770973328.866
270,-1883.3470,1.9073,43962,1770973328.9
271,-1875.2496,8.0974,43978,1770973328.944
272,-1871.1996,4.0500,44006,1770973328.984
273,-1879.1561,7.9565,43954,1770973329.012
274,-1882.0767,2.9206,43942,1770973329.045
275,-1881.0282,1.0486,44010,1770973329.082
276,-1872.8456,8.1825,43926,1770973329.126
277,-1882.7181,9.8724,44021,1770973329.152
278,-1886.6987,3.9806,43974,1770973329.185
279,-1877.5899,9.1088,44000,1770973329.23
280,-1874.5365,3.0534,43970,1770973329.269
281,-1876.4939,1.9574,43953,1770973329.303
282,-1884.9227,8.4288,43922,1770973329.331
283,-1884.8426,0.0801,43902,1770973329.366
284,-1882.7474,2.0952,43942,1770973329.404
285,-1876.6792,6.0682,43914,1770973329.446
286,-1877.6612,0.9820,43934,1770973329.481
287,-1869.5450,8.1162,44021,1770973329.525
288,-1879.4794,9.9344,44022,1770973329.551
289,-1871.5315,7.9479,43946,1770973329.595
290,-1879.4036,7.8721,43950,1770973329.623
291,-1888.4199,9.0163,43888,1770973329.65
292,-1880.4066,8.0132,43942,1770973329.695
293,-1885.3040,4.8974,43949,1770973329.726
294,-1878.1397,7.1642,43962,1770973329.769
295,-1890.0449,11.9052,44021,1770973329.793
296,-1885.4482,4.5967,43926,1770973329.834
297,-1873.8286,11.6196,43962,1770973329.882
298,-1871.8016,2.0270,43946,1770973329.92
299,-1882.7534,10.9518,43926,1770973329.945
300,-1882.7436,0.0098,43946,1770973329.982
301,-1874.5844,8.1592,43898,1770973330.026
302,-1882.4458,7.8614,43874,1770973330.054
303,-1889.3793,6.9335,44058,1770973330.083
304,-1889.3666,0.0126,43878,1770973330.119
305,-1881.3021,8.0645,43906,1770973330.163
306,-1875.2441,6.0580,43905,1770973330.205
307,-1882.1416,6.8974,43866,1770973330.234
308,-1890.0087,7.8671,43874,1770973330.262
309,-1887.8698,2.1389,44058,1770973330.3
310,-1883.3025,4.5674,43890,1770973330.342
311,-1874.2483,9.0542,43894,1770973330.387
312,-1885.2904,11.0421,43910,1770973330.412
313,-1874.2414,11.0490,43914,1770973330.459
314,-1882.2739,8.0326,43929,1770973330.487
315,-1878.1652,4.1087,43914,1770973330.527
316,-1877.0361,1.1292,43881,1770973330.564
317,-1869.0083,8.0278,43958,1770973330.608
318,-1878.9351,9.9268,43906,1770973330.634
319,-1873.8232,5.1119,44001,1770973330.675
320,-1884.7787,10.9556,44002,1770973330.7
321,-1874.7449,10.0338,43949,1770973330.746
322,-1877.8381,3.0932,43954,1770973330.779
323,-1873.7843,4.0538,43950,1770973330.819
324,-1884.7229,10.9386,43981,1770973330.844
325,-1886.7192,1.9963,43910,1770973330.878
326,-1877.6395,9.0797,43930,1770973330.923
327,-1865.5639,12.0757,43866,1770973330.971
328,-1878.4919,12.9280,43982,1770973330.994
329,-1884.3513,5.8594,43894,1770973331.024
330,-1877.2862,7.0651,43993,1770973331.067
331,-1870.3275,6.9587,43966,1770973331.11
332,-1888.6025,18.2750,43934,1770973331.128
333,-1885.5875,3.0150,43998,1770973331.167
334,-1873.5285,12.0590,43982,1770973331.215
335,-1879.4479,5.9195,43942,1770973331.245
336,-1874.3899,5.0581,43980,1770973331.286
337,-1874.8832,0.4933,43906,1770973331.322
338,-1865.7629,9.1202,43889,1770973331.366
339,-1885.7996,20.0367,43890,1770973331.382
340,-1882.7455,3.0541,44034,1770973331.421
341,-1878.6960,4.0495,43933,1770973331.461
342,-1871.7332,6.9628,43998,1770973331.504
343,-1873.6384,1.9052,43994,1770973331.538
344,-1872.5457,1.0927,43910,1770973331.575
345,-1884.5632,12.0175,43966,1770973331.599
346,-1872.4151,12.1481,43938,1770973331.647
347,-1867.4073,5.0077,43886,1770973331.688
348,-1884.3842,16.9768,43893,1770973331.708
349,-1883.4293,0.9549,43946,1770973331.745
350,-1875.3655,8.0638,43886,1770973331.789
351,-1884.2568,8.8913,43926,1770973331.816
352,-1878.1791,6.0778,43993,1770973331.858
353,-1885.1614,6.9823,43866,1770973331.887
354,-1885.1147,0.0467,43958,1770973331.923
355,-1886.2159,1.1013,43922,1770973331.958
356,-1883.2605,2.9554,44022,1770973331.998
357,-1887.1949,3.9344,44026,1770973332.03
358,-1886.0919,1.1029,43946,1770973332.067
359,-1872.0927,13.9992,43910,1770973332.117
360,-1878.0015,5.9087,43910,1770973332.147
361,-1890.9116,12.9101,43858,1770973332.17
362,-1882.0493,8.8623,43882,1770973332.215
363,-1885.9465,3.8972,43826,1770973332.247
364,-1883.8429,2.1036,43897,1770973332.285
365,-1878.7274,5.1155,43966,1770973332.327
366,-1872.5863,6.1412,43882,1770973332.368
367,-1877.5599,4.9736,43954,1770973332.399
368,-1876.4868,1.0731,43925,1770973332.436
369,-1872.3729,4.1139,43829,1770973332.476
370,-1881.3753,9.0024,43842,1770973332.503
371,-1888.2711,6.8958,43934,1770973332.532
372,-1876.1704,12.1007,43934,1770973332.58
373,-1881.1419,4.9715,43937,1770973332.611
374,-1880.1961,0.9458,43957,1770973332.648
375,-1876.1513,4.0448,43950,1770973332.688
376,-1889.0932,12.9418,44013,1770973332.712
377,-1874.0275,15.0657,43954,1770973332.763
378,-1863.9696,10.0579,43946,1770973332.809
379,-1881.8340,17.8645,44017,1770973332.827
380,-1876.6999,5.1341,43991,1770973332.868
381,-1873.6124,3.0875,44006,1770973332.907
382,-1875.5054,1.8930,43902,1770973332.941
383,-1872.4523,3.0532,43918,1770973332.98
384,-1868.5143,3.9380,43966,1770973333.02
385,-1877.5334,9.0191,43930,1770973333.047
386,-1881.4659,3.9325,43925,1770973333.079
387,-1878.4900,2.9759,43920,1770973333.118
388,-1886.5120,8.0221,44009,1770973333.146
389,-1885.4485,1.0636,43862,1770973333.183
390,-1878.4668,6.9816,43934,1770973333.227
391,-1872.3788,6.0880,43870,1770973333.269
392,-1870.2884,2.0905,43846,1770973333.307
393,-1883.6877,13.3994,43818,1770973333.33
394,-1880.4762,3.2115,43870,1770973333.368
395,-1880.4131,0.0632,43941,1770973333.404
396,-1879.2796,1.1334,43926,1770973333.441
397,-1887.1229,7.8433,43909,1770973333.469
398,-1873.1043,14.0185,43802,1770973333.519
399,-1876.0579,2.9535,43845,1770973333.552
400,-1871.0322,5.0256,43842,1770973333.593
401,-1880.1835,9.1512,43838,1770973333.62
402,-1873.0857,7.0977,43902,1770973333.663
403,-1888.9942,15.9085,43750,1770973333.683
404,-1881.9125,7.0817,43854,1770973333.727
405,-1887.7580,5.8455,43933,1770973333.757
406,-1883.6513,4.1068,43906,1770973333.797
407,-1886.5490,2.8977,43877,1770973333.83
408,-1883.4734,3.0756,43882,1770973333.869
409,-1879.4472,4.0262,43970,1770973333.909
410,-1878.3829,1.0643,43921,1770973333.946
411,-1875.2887,3.0942,43854,1770973333.985
412,-1877.2161,1.9274,43938,1770973334.019
413,-1882.1239,4.9078,43981,1770973334.05
414,-1884.0895,1.9655,43898,1770973334.084
415,-1883.8637,0.2258,43898,1770973334.121
416,-1889.1358,5.2722,43877,1770973334.153
417,-1878.1457,10.9901,43906,1770973334.2
418,-1885.5836,7.4379,43898,1770973334.229
419,-1886.6916,1.1079,43862,1770973334.264
420,-1882.8151,3.8764,43925,1770973334.304
421,-1886.6191,3.8040,43930,1770973334.335
422,-1878.5782,8.0409,43914,1770973334.379
423,-1880.5358,1.9577,44005,1770973334.413
424,-1879.4553,1.0805,43922,1770973334.45
425,-1873.3847,6.0706,43890,1770973334.492
426,-1887.7223,14.3375,43846,1770973334.514
427,-1884.6552,3.0670,43938,1770973334.553
428,-1891.6085,6.9532,43862,1770973334.582
429,-1882.6277,8.9808,43870,1770973334.627
430,-1875.5915,7.0362,43946,1770973334.67
431,-1871.4676,4.1239,43842,1770973334.71
432,-1886.4200,14.9524,43888,1770973334.731
433,-1883.3740,3.0460,43885,1770973334.77
434,-1874.3074,9.0666,43906,1770973334.815
435,-1876.1337,1.8263,43850,1770973334.849
436,-1884.9926,8.8589,43826,1770973334.876
437,-1886.9135,1.9209,43846,1770973334.91
438,-1878.7520,8.1615,43821,1770973334.954
439,-1876.7192,2.0328,43842,1770973334.992
440,-1874.6319,2.0874,43886,1770973335.03
441,-1875.5014,0.8695,43886,1770973335.065
442,-1876.3957,0.8943,43850,1770973335.1
443,-1890.3873,13.9916,43874,1770973335.122
444,-1887.4273,2.9600,43862,1770973335.161
445,-1872.3948,15.0325,43938,1770973335.212
446,-1880.4517,8.0569,43894,1770973335.241
447,-1875.3996,5.0521,43902,1770973335.282
448,-1883.6281,8.2285,43898,1770973335.311
449,-1886.4064,2.7783,43898,1770973335.343
450,-1871.3303,15.0762,43934,1770973335.394
451,-1874.3136,2.9833,43938,1770973335.427
452,-1864.2542,10.0594,43966,1770973335.473
453,-1888.1335,23.8793,43958,1770973335.485
454,-1883.0919,5.0416,44005,1770973335.526
455,-1879.9605,3.1314,43914,1770973335.565
456,-1868.8307,11.1299,44010,1770973335.612
457,-1883.8296,14.9989,43866,1770973335.634
458,-1882.7920,1.0376,43961,1770973335.671
459,-1878.7837,4.0083,43870,1770973335.711
460,-1891.7966,13.0129,43898,1770973335.735
461,-1882.7238,9.0728,43926,1770973335.78
462,-1888.6192,5.8954,43958,1770973335.81
463,-1870.4736,18.1456,43850,1770973335.864
464,-1889.5833,19.1097,43934,1770973335.881
465,-1884.5837,4.9996,43890,1770973335.922
466,-1888.5775,3.9937,44002,1770973335.954
467,-1876.4699,12.1076,43956,1770973336.002
468,-1868.5253,7.9446,43790,1770973336.047
469,-1875.4160,6.8908,43913,1770973336.076
470,-1882.2904,6.8743,43894,1770973336.105
471,-1881.4051,0.8852,43849,1770973336.142
472,-1887.3718,5.9667,43850,1770973336.172
473,-1883.3580,4.0138,43873,1770973336.212
474,-1888.3207,4.9627,43970,1770973336.243
475,-1884.2533,4.0674,43950,1770973336.283
476,-1874.9118,9.3415,43906,1770973336.329
477,-1883.7991,8.8873,43929,1770973336.355
478,-1881.8173,1.9817,43914,1770973336.393
479,-1883.8108,1.9934,43942,1770973336.427
480,-1878.7308,5.0800,43914,1770973336.468
481,-1874.5971,4.1337,43837,1770973336.508
482,-1876.5724,1.9753,43850,1770973336.542
483,-1872.4263,4.1461,43778,1770973336.582
484,-1877.2869,4.8606,43854,1770973336.613
485,-1874.2390,3.0479,43901,1770973336.653
486,-1875.1390,0.9000,44017,1770973336.688
487,-1876.1241,0.9851,43974,1770973336.723
488,-1882.1623,6.0382,43954,1770973336.754
489,-1862.1218,20.0405,43942,1770973336.81
490,-1890.9829,28.8610,43862,1770973336.817
491,-1883.8441,7.1387,43933,1770973336.86
492,-1886.7295,2.8853,43914,1770973336.893
493,-1878.6194,8.1100,44022,1770973336.937
494,-1870.5008,8.1186,43990,1770973336.981
495,-1883.4462,12.9454,43830,1770973337.004
496,-1880.3577,3.0885,43926,1770973337.043
497,-1882.2007,1.8430,43878,1770973337.077
498,-1878.0518,4.1490,43878,1770973337.117
499,-1888.9534,10.9017,43898,1770973337.142
500,-1878.8078,10.1457,43894,1770973337.188
501,-1876.8067,2.0010,43882,1770973337.226
502,-1882.8847,6.0780,43846,1770973337.257
503,-1878.7940,4.0908,43861,1770973337.297
504,-1890.7762,11.9822,43878,1770973337.322
505,-1874.6443,16.1319,43874,1770973337.373
506,-1879.4801,4.8358,43806,1770973337.404
507,-1882.3874,2.9073,43794,1770973337.437
508,-1876.2314,6.1560,43842,1770973337.479
509,-1882.1821,5.9507,43858,1770973337.509
510,-1886.1797,3.9976,43966,1770973337.541
511,-1877.2099,8.9698,43790,1770973337.586
512,-1887.1446,9.9347,43810,1770973337.612
513,-1880.0707,7.0739,43898,1770973337.656
514,-1889.9436,9.8729,43874,1770973337.682
515,-1884.8734,5.0702,43854,1770973337.723
516,-1889.2560,4.3826,43901,1770973337.756
517,-1882.1745,7.0815,43798,1770973337.799
518,-1872.0877,10.0868,43830,1770973337.845
519,-1890.1064,18.0187,43902,1770973337.863
520,-1875.5124,14.5941,43774,1770973337.914
521,-1882.1530,6.6407,43837,1770973337.944
522,-1883.2295,1.0765,43866,1770973337.98
523,-1886.6808,3.4513,43854,1770973338.013
524,-1882.7336,3.9473,43814,1770973338.054
525,-1877.6288,5.1048,43798,1770973338.095
526,-1885.5247,7.8959,43850,1770973338.123
527,-1883.4984,2.0263,43902,1770973338.161
528,-1887.3842,3.8857,43922,1770973338.193
529,-1879.2562,8.1279,43974,1770973338.237
530,-1889.5431,10.2868,43785,1770973338.263
531,-1881.9807,7.5624,43838,1770973338.307
532,-1889.9894,8.0087,43874,1770973338.334
533,-1883.8947,6.0947,43806,1770973338.376
534,-1887.7325,3.8378,43874,1770973338.408
535,-1889.6976,1.9650,43778,1770973338.442
536,-1887.5749,2.1226,43837,1770973338.48
537,-1885.4625,2.1124,43842,1770973338.518
538,-1885.4060,0.0565,43725,1770973338.554
539,-1874.2988,11.1072,43865,1770973338.601
540,-1860.1453,14.1535,43930,1770973338.651
541,-1881.0511,20.9057,43893,1770973338.666
542,-1879.9222,1.1289,43870,1770973338.703
543,-1880.7867,0.8645,43822,1770973338.738
544,-1867.7578,13.0289,43806,1770973338.787
545,-1871.6760,3.9182,43897,1770973338.819
546,-1880.5993,8.9233,43966,1770973338.846
547,-1881.5613,0.9620,43918,1770973338.881
548,-1883.4569,1.8957,43881,1770973338.915
549,-1873.5068,9.9502,43906,1770973338.961
550,-1887.3854,13.8786,43890,1770973338.983
551,-1887.2635,0.1218,43850,1770973339.019
552,-1884.1856,3.0780,43822,1770973339.058
553,-1877.0192,7.1664,43922,1770973339.101
554,-1875.3726,1.6465,43854,1770973339.139
555,-1881.0091,5.6365,43894,1770973339.17
556,-1881.0077,0.0014,43914,1770973339.206
557,-1881.9180,0.9103,43965,1770973339.241
558,-1887.9497,6.0318,43906,1770973339.272
559,-1878.9082,9.0415,43821,1770973339.317
560,-1884.7532,5.8451,43922,1770973339.346
561,-1884.7070,0.0463,43849,1770973339.382
562,-1886.6582,1.9512,43845,1770973339.416
563,-1881.6583,4.9999,43878,1770973339.457
564,-1877.5337,4.1246,43850,1770973339.497
565,-1883.5907,6.0570,43810,1770973339.527
566,-1887.6641,4.0734,43865,1770973339.559
567,-1879.5531,8.1110,43869,1770973339.603
568,-1876.4129,3.1402,44094,1770973339.642
569,-1868.4378,7.9751,44002,1770973339.687
570,-1884.3572,15.9194,43942,1770973339.707
571,-1880.3136,4.0436,43842,1770973339.747
572,-1871.3183,8.9953,43862,1770973339.793
573,-1881.2172,9.8989,43894,1770973339.819
574,-1867.1176,14.0996,43806,1770973339.869
575,-1890.0726,22.9549,43882,1770973339.882
576,-1886.0157,4.0569,43830,1770973339.922
577,-1889.2159,3.2003,43838,1770973339.955
578,-1881.1355,8.0805,43874,1770973339.999
579,-1878.0651,3.0704,43942,1770973340.038
580,-1875.0477,3.0174,43846,1770973340.078
581,-1878.9878,3.9401,43830,1770973340.11
582,-1876.8811,2.1067,43774,1770973340.148
583,-1871.8441,5.0371,43789,1770973340.189
584,-1878.7174,6.8734,43850,1770973340.218
585,-1874.5923,4.1251,43746,1770973340.258
586,-1885.5281,10.9358,43745,1770973340.283
587,-1882.2079,3.3202,43754,1770973340.323
588,-1877.0282,5.1796,43838,1770973340.363
589,-1866.9991,10.0291,43681,1770973340.409
590,-1889.0448,22.0456,43730,1770973340.423
591,-1880.0864,8.9583,43638,1770973340.468
592,-1871.0406,9.0458,43646,1770973340.513
593,-1876.9262,5.8856,43706,1770973340.543
594,-1887.9454,11.0192,43774,1770973340.569
595,-1870.9862,16.9592,43718,1770973340.622
596,-1879.9274,8.9412,43698,1770973340.649
597,-1865.9420,13.9854,43761,1770973340.699
598,-1879.8292,13.8872,43770,1770973340.721
599,-1875.7210,4.1082,43845,1770973340.761
600,-1880.7955,5.0745,43662,1770973340.792
601,-1878.7470,2.0485,43625,1770973340.83
602,-1881.5830,2.8360,43605,1770973340.863
603,-1875.4108,6.1722,43774,1770973340.905
604,-1887.4025,11.9917,43630,1770973340.929
605,-1863.5194,23.8831,43702,1770973340.989
606,-1882.4515,18.9321,43794,1770973341.006
607,-1885.3636,2.9120,43710,1770973341.039
608,-1885.3238,0.0398,43638,1770973341.075
609,-1875.2677,10.0560,43654,1770973341.121
610,-1889.3933,14.1256,43750,1770973341.143
611,-1879.4944,9.8989,43534,1770973341.189
612,-1882.4418,2.9473,43602,1770973341.222
613,-1870.3091,12.1326,43613,1770973341.27
614,-1874.2685,3.9594,43582,1770973341.303
615,-1873.9734,0.2952,43634,1770973341.34
616,-1889.8230,15.8496,43573,1770973341.359
617,-1843.7259,46.0970,43589,1770973341.441
618,-1878.5784,34.8525,43674,1770973341.442
619,-1870.5866,7.9918,43574,1770973341.486
620,-1883.5177,12.9311,43586,1770973341.509
621,-1872.4959,11.0219,43529,1770973341.556
622,-1881.5017,9.0058,43590,1770973341.583
623,-1876.4350,5.0666,43585,1770973341.624
624,-1881.3775,4.9424,43650,1770973341.655
625,-1873.3373,8.0402,43634,1770973341.699
626,-1880.2299,6.8927,43702,1770973341.728
627,-1881.1409,0.9110,43729,1770973341.763
628,-1884.1043,2.9633,43722,1770973341.797
629,-1877.9678,6.1364,43718,1770973341.839
630,-1886.8237,8.8558,43666,1770973341.866
631,-1885.7083,1.1153,43694,1770973341.903
632,-1890.5916,4.8833,43726,1770973341.934
633,-1875.6604,14.9312,43706,1770973341.985
634,-1884.5937,8.9333,43734,1770973342.012
635,-1889.5450,4.9512,43713,1770973342.043
636,-1872.5464,16.9985,43750,1770973342.096
637,-1881.4359,8.8894,43694,1770973342.123
638,-1879.3740,2.0618,43773,1770973342.161
639,-1883.3644,3.9904,43798,1770973342.193
640,-1877.3518,6.0127,43826,1770973342.235
641,-1888.3719,11.0202,43821,1770973342.26
642,-1878.6323,9.7396,43862,1770973342.307
643,-1883.8809,5.2485,43850,1770973342.337
644,-1882.7300,1.1508,43840,1770973342.374
645,-1881.5739,1.1561,43865,1770973342.411
646,-1882.4823,0.9084,43754,1770973342.446
647,-1880.3954,2.0869,43782,1770973342.484
648,-1885.3421,4.9467,43874,1770973342.515
649,-1876.3125,9.0296,43782,1770973342.56
650,-1881.2432,4.9307,43738,1770973342.591
651,-1877.1453,4.0979,43818,1770973342.631
652,-1882.0763,4.9310,43814,1770973342.662
653,-1878.1190,3.9573,43737,1770973342.702
654,-1881.0179,2.8989,43806,1770973342.735
655,-1870.0864,10.9315,43714,1770973342.782
656,-1879.0677,8.9812,43758,1770973342.81
657,-1877.9664,1.1013,43842,1770973342.847
658,-1886.9092,8.9428,43790,1770973342.874
659,-1884.7766,2.1327,43830,1770973342.912
660,-1868.6144,16.1622,43762,1770973342.964
661,-1862.5841,6.0303,43718,1770973343.006
662,-1880.5046,17.9205,43670,1770973343.024
663,-1879.4856,1.0190,43654,1770973343.061
664,-1875.4838,4.0019,43634,1770973343.101
665,-1868.2995,7.1843,43722,1770973343.144
666,-1879.1900,10.8905,43670,1770973343.169
667,-1887.2769,8.0869,43649,1770973343.197
668,-1879.2057,8.0712,43714,1770973343.241
669,-1889.0429,9.8372,43710,1770973343.267
670,-1885.7949,3.2480,43586,1770973343.307
671,-1883.5659,2.2290,43633,1770973343.344
672,-1870.4779,13.0880,43542,1770973343.393
673,-1873.3611,2.8832,43566,1770973343.426
674,-1870.1928,3.1683,43590,1770973343.465
675,-1884.2592,14.0665,43618,1770973343.487
676,-1878.1400,6.1193,43600,1770973343.529
677,-1882.0171,3.8772,43610,1770973343.561
678,-1878.0711,3.9461,43574,1770973343.601
679,-1883.9695,5.8985,43554,1770973343.631
680,-1869.9424,14.0271,43610,1770973343.681
681,-1875.9632,6.0208,43581,1770973343.712
682,-1872.8313,3.1319,43618,1770973343.751
683,-1871.7203,1.1110,43578,1770973343.788
684,-1872.6668,0.9465,43518,1770973343.824
685,-1887.6076,14.9407,43594,1770973343.845
686,-1884.4650,3.1426,43581,1770973343.884
687,-1890.3148,5.8498,43486,1770973343.914
688,-1885.1702,5.1446,43518,1770973343.955
689,-1886.2116,1.0414,43498,1770973343.99
690,-1886.1790,0.0327,43489,1770973344.026
691,-1883.0423,3.1366,43434,1770973344.065
692,-1879.1468,3.8955,43462,1770973344.105
693,-1872.2577,6.8891,43582,1770973344.148
694,-1867.2035,5.0542,43482,1770973344.189
695,-1887.1028,19.8994,43546,1770973344.205
696,-1874.9719,12.1310,43485,1770973344.253
697,-1867.8916,7.0803,43542,1770973344.296
698,-1877.0633,9.1717,43534,1770973344.323
699,-1873.8477,3.2156,43418,1770973344.361
700,-1875.7432,1.8954,43470,1770973344.395
701,-1881.8495,6.1064,43534,1770973344.425
702,-1876.7147,5.1348,43582,1770973344.466
703,-1871.6621,5.0526,43477,1770973344.507
704,-1859.4885,12.1737,43530,1770973344.555
705,-1871.3629,11.8744,43549,1770973344.579
706,-1882.3521,10.9892,43570,1770973344.604
707,-1888.3657,6.0136,43554,1770973344.634
708,-1880.2769,8.0888,43601,1770973344.678
709,-1879.2472,1.0297,43649,1770973344.715
710,-1884.1512,4.9040,43582,1770973344.746
711,-1879.0529,5.0983,43498,1770973344.787
712,-1877.0578,1.9951,43490,1770973344.825
713,-1890.0824,13.0246,43494,1770973344.848
714,-1875.9756,14.1068,43482,1770973344.898
715,-1873.8995,2.0761,43502,1770973344.936
716,-1888.8018,14.9024,43462,1770973344.957
717,-1888.7393,0.0625,43502,1770973344.993
718,-1876.7123,12.0270,43610,1770973345.041
719,-1874.6672,2.0452,43538,1770973345.079
720,-1884.5727,9.9056,43538,1770973345.105
721,-1881.5343,3.0384,43490,1770973345.144
722,-1876.4722,5.0621,43462,1770973345.185
723,-1881.4654,4.9932,43534,1770973345.216
724,-1869.4141,12.0513,43445,1770973345.264
725,-1884.3091,14.8950,43618,1770973345.285
726,-1885.9274,1.6184,43526,1770973345.32
727,-1874.7447,11.1828,43510,1770973345.366
728,-1869.6449,5.0998,43505,1770973345.407
729,-1885.5741,15.9292,43442,1770973345.427
730,-1877.4223,8.1518,43430,1770973345.471
731,-1876.2960,1.1263,43513,1770973345.508
732,-1873.1387,3.1574,43462,1770973345.547
733,-1872.0024,1.1363,43518,1770973345.584
734,-1880.0704,8.0681,43550,1770973345.612
735,-1883.9560,3.8855,43493,1770973345.644
736,-1876.8811,7.0748,43514,1770973345.687
737,-1883.9257,7.0446,43486,1770973345.716
738,-1872.8495,11.0762,43402,1770973345.763
739,-1877.7649,4.9155,43350,1770973345.794
740,-1873.7061,4.0588,43314,1770973345.834
741,-1877.5723,3.8662,43362,1770973345.866
742,-1872.5019,5.0704,43313,1770973345.907
743,-1886.3993,13.8974,43326,1770973345.93
744,-1888.3209,1.9217,43253,1770973345.964
745,-1886.1995,2.1214,43282,1770973346.002
746,-1891.2344,5.0349,43366,1770973346.033
747,-1885.1466,6.0878,43434,1770973346.075
748,-1868.0689,17.0777,43373,1770973346.128
749,-1875.9537,7.8847,43422,1770973346.156
750,-1883.9028,7.9491,43350,1770973346.184
751,-1878.1807,5.7220,43394,1770973346.227
752,-1877.1033,1.0774,43350,1770973346.264
753,-1891.0227,13.9194,43262,1770973346.286
754,-1879.6787,11.3440,43294,1770973346.334
755,-1877.4719,2.2068,43301,1770973346.371
756,-1876.3638,1.1082,43290,1770973346.408
757,-1879.3314,2.9676,43366,1770973346.441
758,-1887.2740,7.9427,43310,1770973346.469
759,-1883.2762,3.9978,43334,1770973346.509
760,-1879.2946,3.9816,43294,1770973346.549
761,-1876.2977,2.9969,43298,1770973346.588
762,-1873.2114,3.0863,43430,1770973346.627
763,-1878.1459,4.9345,43353,1770973346.658
764,-1886.0381,7.8921,43470,1770973346.686
765,-1881.0539,4.9841,43366,1770973346.728
766,-1890.5709,9.5170,43317,1770973346.755
767,-1886.0762,4.4947,43330,1770973346.796
768,-1891.0635,4.9872,43414,1770973346.827
769,-1885.9751,5.0883,43386,1770973346.868
770,-1881.8991,4.0760,43337,1770973346.908
771,-1887.9499,6.0508,43352,1770973346.938
772,-1881.7799,6.1700,43416,1770973346.98
773,-1874.6407,7.1392,43366,1770973347.023
774,-1873.6038,1.0369,43390,1770973347.06
775,-1890.5244,16.9206,43374,1770973347.079
776,-1886.4808,4.0436,43350,1770973347.119
777,-1882.3938,4.0870,43254,1770973347.159
778,-1868.3074,14.0865,43498,1770973347.209
779,-1874.2363,5.9290,43326,1770973347.24
780,-1873.1358,1.1005,43350,1770973347.277
781,-1880.1115,6.9757,43254,1770973347.306
782,-1891.0637,10.9522,43350,1770973347.33
783,-1879.4138,11.6498,43302,1770973347.378
784,-1885.3779,5.9640,43278,1770973347.408
785,-1877.3329,8.0450,43282,1770973347.452
786,-1884.1817,6.8488,43322,1770973347.481
787,-1881.0773,3.1044,43358,1770973347.52
788,-1887.9769,6.8996,43349,1770973347.549
789,-1880.8501,7.1268,43368,1770973347.592
790,-1880.8165,0.0336,43346,1770973347.628
791,-1878.6883,2.1281,43314,1770973347.666
792,-1861.5427,17.1456,43438,1770973347.719
793,-1878.5133,16.9706,43382,1770973347.738
794,-1885.3920,6.8786,43405,1770973347.767
795,-1878.3424,7.0496,43286,1770973347.81
796,-1889.3187,10.9763,43370,1770973347.835
797,-1881.1657,8.1530,43318,1770973347.879
798,-1879.1568,2.0089,43309,1770973347.917
799,-1867.0938,12.0630,43281,1770973347.966
800,-1879.9629,12.8691,43337,1770973347.989
801,-1875.9179,4.0450,43297,1770973348.029
802,-1877.9013,1.9834,43402,1770973348.063
803,-1865.8292,12.0721,43426,1770973348.111
804,-1873.8585,8.0292,43426,1770973348.139
805,-1888.2542,14.3957,43354,1770973348.161
806,-1887.2237,1.0304,43454,1770973348.199
807,-1880.0929,7.1309,43405,1770973348.242
808,-1885.9062,5.8134,43402,1770973348.272
809,-1876.8225,9.0837,43398,1770973348.317
810,-1886.7662,9.9437,43314,1770973348.342
811,-1877.6627,9.1035,43350,1770973348.387
812,-1886.5902,8.9276,43354,1770973348.414
813,-1869.5691,17.0212,43357,1770973348.468
814,-1880.4545,10.8855,43386,1770973348.493
815,-1882.3211,1.8666,43401,1770973348.527
816,-1887.1927,4.8716,43418,1770973348.558
817,-1882.0660,5.1267,43457,1770973348.599
818,-1876.9903,5.0757,43394,1770973348.64
819,-1880.8146,3.8242,43390,1770973348.672
820,-1854.5854,26.2291,43414,1770973348.734
821,-1872.6304,18.0449,43286,1770973348.752
822,-1867.5127,5.1177,43342,1770973348.793
823,-1888.0994,20.5867,43386,1770973348.809
824,-1886.4951,1.6043,43370,1770973348.848
825,-1877.4252,9.0699,43217,1770973348.893
826,-1886.8225,9.3973,43346,1770973348.92
827,-1880.7969,6.0256,43282,1770973348.962
828,-1881.6245,0.8276,43258,1770973348.997
829,-1876.6527,4.9717,43354,1770973349.038
830,-1888.5815,11.9288,43298,1770973349.062
831,-1884.4039,4.1776,43253,1770973349.102
832,-1887.3086,2.9047,43378,1770973349.135
833,-1871.1569,16.1517,43261,1770973349.187
834,-1865.0434,6.1135,43298,1770973349.229
835,-1870.9939,5.9505,43342,1770973349.26
836,-1888.8724,17.8785,43386,1770973349.278
837,-1883.3656,5.5068,43314,1770973349.32
838,-1875.2780,8.0876,43333,1770973349.363
839,-1868.6523,6.6257,43394,1770973349.406
840,-1869.8957,1.2434,43422,1770973349.441
841,-1878.7754,8.8797,43314,1770973349.468
842,-1889.6291,10.8538,43486,1770973349.493
843,-1882.5443,7.0848,43386,1770973349.536
844,-1885.3915,2.8472,43366,1770973349.569
845,-1876.2741,9.1174,43394,1770973349.614
846,-1881.3343,5.0602,43442,1770973349.645
847,-1874.3112,7.0231,43386,1770973349.688
848,-1866.2474,8.0638,43474,1770973349.732
849,-1873.2326,6.9852,43414,1770973349.762
850,-1886.4725,13.2399,43390,1770973349.785
851,-1872.3547,14.1177,43406,1770973349.835
852,-1872.2987,0.0560,43370,1770973349.871
853,-1876.1597,3.8610,43306,1770973349.903
854,-1881.1216,4.9620,43374,1770973349.934
855,-1877.1276,3.9940,43390,1770973349.974
856,-1887.6615,10.5338,43454,1770973350
857,-1884.2838,3.3777,43438,1770973350.04
858,-1891.3007,7.0169,43374,1770973350.069
859,-1886.1785,5.1222,43342,1770973350.11
860,-1874.0835,12.0950,43382,1770973350.159
861,-1874.9626,0.8790,43394,1770973350.194
862,-1872.8290,2.1336,43329,1770973350.232
863,-1878.8054,5.9764,43398,1770973350.262
864,-1880.7383,1.9329,43430,1770973350.296
865,-1890.7461,10.0079,43374,1770973350.322
866,-1881.6216,9.1245,43222,1770973350.366
867,-1883.4877,1.8661,43354,1770973350.4
868,-1872.3762,11.1115,43326,1770973350.447
869,-1884.3505,11.9743,43386,1770973350.471
870,-1880.5866,3.7639,43314,1770973350.511
871,-1882.5438,1.9572,43362,1770973350.545
872,-1889.3805,6.8367,43326,1770973350.574
873,-1875.3428,14.0376,43381,1770973350.624
874,-1883.3649,8.0221,43381,1770973350.653
875,-1879.2932,4.0717,43318,1770973350.693
876,-1886.1122,6.8190,43317,1770973350.722
877,-1881.0527,5.0595,43322,1770973350.763
878,-1884.9800,3.9272,43396,1770973350.795
879,-1874.9585,10.0214,43286,1770973350.841
880,-1869.0412,5.9173,43309,1770973350.883
881,-1867.0058,2.0354,43258,1770973350.921
882,-1880.9898,13.9840,43314,1770973350.943
883,-1878.1269,2.8629,43293,1770973350.982
884,-1871.0430,7.0839,43297,1770973351.025
885,-1872.0613,1.0183,43218,1770973351.06
886,-1885.0820,13.0208,43193,1770973351.083
887,-1878.9747,6.1073,43282,1770973351.125
888,-1876.9557,2.0189,43254,1770973351.163
889,-1872.8328,4.1230,43282,1770973351.203
890,-1864.7339,8.0988,43345,1770973351.247
891,-1881.7048,16.9709,43426,1770973351.266
892,-1872.5917,9.1131,43366,1770973351.311
893,-1885.0548,12.4631,43401,1770973351.334
894,-1872.9913,12.0635,43302,1770973351.382
895,-1878.8819,5.8906,43350,1770973351.412
896,-1876.7471,2.1348,43350,1770973351.45
897,-1885.7000,8.9529,43327,1770973351.477
898,-1876.8289,8.8711,43333,1770973351.522
899,-1879.9603,3.1314,43302,1770973351.555
900,-1876.0607,3.8996,43462,1770973351.595
901,-1884.6784,8.6176,43314,1770973351.623
902,-1879.6713,5.0070,43322,1770973351.664
903,-1883.6448,3.9735,43357,1770973351.696
904,-1871.5353,12.1095,43418,1770973351.744
905,-1883.6050,12.0697,43357,1770973351.768
906,-1875.5167,8.0884,43334,1770973351.812
907,-1883.4054,7.8888,43326,1770973351.84
908,-1881.3770,2.0285,43329,1770973351.878
909,-1890.2290,8.8520,43309,1770973351.905
910,-1881.2101,9.0189,43334,1770973351.95
911,-1886.1623,4.9522,43342,1770973351.981
912,-1877.1567,9.0055,43258,1770973352.026
913,-1883.1742,6.0174,43278,1770973352.056
914,-1872.1566,11.0176,43326,1770973352.103
915,-1875.0470,2.8903,43317,1770973352.136
916,-1881.0413,5.9943,43302,1770973352.166
917,-1885.9940,4.9527,43409,1770973352.197
918,-1886.8251,0.8311,43354,1770973352.232
919,-1879.7934,7.0317,43306,1770973352.275
920,-1883.7309,3.9375,43326,1770973352.307
921,-1873.5459,10.1850,43249,1770973352.352
922,-1876.5681,3.0222,43241,1770973352.386
923,-1885.4992,8.9312,43254,1770973352.413
924,-1877.4152,8.0841,43290,1770973352.457
925,-1863.4589,13.9563,43270,1770973352.508
926,-1888.4616,25.0027,43242,1770973352.519
927,-1870.6596,17.8020,43302,1770973352.573
928,-1879.5776,8.9180,43242,1770973352.6
929,-1882.5040,2.9263,43273,1770973352.633
930,-1869.5734,12.9306,43122,1770973352.682
931,-1876.4474,6.8741,43270,1770973352.711
932,-1868.3426,8.1048,43234,1770973352.755
933,-1853.3328,15.0099,43350,1770973352.806
934,-1883.2293,29.8965,43322,1770973352.812
935,-1884.1505,0.9212,43238,1770973352.847
936,-1873.2147,10.9358,43278,1770973352.894
937,-1882.1573,8.9426,43350,1770973352.921
938,-1870.1069,12.0504,43217,1770973352.969
939,-1871.1259,1.0190,43209,1770973353.005
940,-1878.9887,7.8628,43170,1770973353.033
941,-1874.8183,4.1704,43234,1770973353.073
942,-1875.7889,0.9706,43173,1770973353.108
943,-1882.7598,6.9709,43252,1770973353.137
944,-1879.8144,2.9454,43266,1770973353.176
945,-1873.8201,5.9943,43212,1770973353.218
946,-1880.8117,6.9916,43250,1770973353.247
947,-1879.8621,0.9496,43210,1770973353.285
948,-1874.5615,5.3005,43166,1770973353.328
949,-1877.5086,2.9471,43170,1770973353.361
950,-1879.6651,2.1565,43209,1770973353.396
951,-1872.5896,7.0755,43222,1770973353.439
952,-1869.4608,3.1288,43238,1770973353.478
953,-1866.4207,3.0401,43134,1770973353.517
954,-1883.2939,16.8731,43254,1770973353.536
955,-1879.1857,4.1082,43246,1770973353.576
956,-1873.0879,6.0978,43229,1770973353.618
957,-1873.1110,0.0231,43185,1770973353.654
958,-1878.0119,4.9009,43201,1770973353.686
959,-1867.9059,10.1061,43229,1770973353.732
960,-1877.4416,9.5358,43182,1770973353.759
961,-1861.6929,15.7487,43150,1770973353.813
962,-1881.1882,19.4952,43193,1770973353.83
963,-1867.0824,14.1058,43266,1770973353.88
964,-1869.0367,1.9543,43234,1770973353.914
965,-1882.9858,13.9492,43225,1770973353.936
966,-1878.8915,4.0944,43262,1770973353.976
967,-1882.8967,4.0052,43194,1770973354.008
968,-1874.8844,8.0123,43190,1770973354.052
969,-1869.8783,5.0061,43234,1770973354.093
970,-1871.7937,1.9155,43214,1770973354.127
971,-1867.8038,3.9899,43226,1770973354.167
972,-1885.0291,17.2253,43117,1770973354.187
973,-1878.9384,6.0906,43222,1770973354.229
974,-1882.8127,3.8743,43190,1770973354.261
975,-1872.7114,10.1013,43126,1770973354.307
976,-1881.7341,9.0227,43198,1770973354.335
977,-1874.5561,7.1781,43274,1770973354.377
978,-1884.4831,9.9270,43274,1770973354.403
979,-1880.3189,4.1642,43157,1770973354.443
980,-1879.2193,1.0996,43170,1770973354.48
981,-1873.6329,5.5864,43233,1770973354.522
982,-1886.7915,13.1586,43182,1770973354.545
983,-1867.7387,19.0527,43214,1770973354.6
984,-1888.6998,20.9610,43150,1770973354.615
985,-1873.6539,15.0459,43266,1770973354.666
986,-1869.7629,3.8910,43169,1770973354.707
987,-1891.6929,21.9300,43258,1770973354.721
988,-1881.5801,10.1128,43224,1770973354.767
989,-1884.5091,2.9290,43209,1770973354.8
990,-1881.3491,3.1600,43237,1770973354.839
991,-1879.2689,2.0802,43265,1770973354.877
992,-1877.1925,2.0764,43254,1770973354.915
993,-1882.0674,4.8749,43254,1770973354.946
994,-1878.9535,3.1140,43194,1770973354.985
995,-1882.8673,3.9139,43186,1770973355.017
996,-1870.7113,12.1560,43194,1770973355.065
997,-1891.6280,20.9167,43213,1770973355.08
998,-1887.6367,3.9914,43162,1770973355.12
999,-1883.4620,4.1747,43109,1770973355.16
1000,-1883.5931,0.1311,43187,1770973355.196
1001,-1880.5797,3.0134,43131,1770973355.235
1002,-1886.5407,5.9609,43147,1770973355.265
1003,-1880.8022,5.7385,43186,1770973355.307
1004,-1875.5918,5.2104,43283,1770973355.347
1005,-1871.4738,4.1180,43187,1770973355.387
1006,-1873.4374,1.9636,43331,1770973355.421
1007,-1872.4499,0.9875,43239,1770973355.458
1008,-1886.3385,13.8886,43271,1770973355.48
1009,-1873.3017,13.0367,43159,1770973355.529
1010,-1878.2895,4.9877,43191,1770973355.56
1011,-1890.2769,11.9874,43270,1770973355.584
1012,-1886.0791,4.1978,43255,1770973355.624
1013,-1882.5080,3.5710,43274,1770973355.664
